lat,lon,id,DAYS_OF_OPERATION,HOURLY_RATE,MAX_TIME,HOURS_OF_OPERATION,TYPE_OF_METER
34.14606761,-118.1430157,1,Mon-Sat,1.25,1,7am-6pm,single-space
34.14663132,-118.1428589,2,Mon-Sat,1.25,1,7am-6pm,single-space
34.14669334,-118.1428583,3,Mon-Sat,1.25,1,7am-6pm,single-space
34.14675178,-118.1428598,4,Mon-Sat,1.25,1,7am-6pm,single-space
34.14671819,-118.1430233,5,Mon-Sat,1.25,1,7am-6pm,single-space
34.14665081,-118.1430239,6,Mon-Sat,1.25,1,7am-6pm,single-space
34.14659237,-118.1430231,7,Mon-Sat,1.25,1,7am-6pm,single-space
34.14653393,-118.1430251,8,Mon-Sat,1.25,1,7am-6pm,single-space
34.1464579,-118.1430207,9,Mon-Sat,1.25,1,7am-6pm,single-space
34.14643364,-118.1428564,10,Mon-Sat,1.25,1,7am-6pm,single-space
34.14638534,-118.1428556,11,Mon-Sat,1.25,1,7am-6pm,single-space
34.14640125,-118.1430199,12,Mon-Sat,1.25,1,7am-6pm,single-space
34.14615009,-118.1428552,13,Mon-Sat,1.25,1,7am-6pm,single-space
34.14240113,-118.1429901,14,Mon-Sat,1.25,1,9am-6pm,single-space
34.14264174,-118.1429912,15,Mon-Sat,1.25,1,9am-6pm,single-space
34.14286447,-118.1429959,16,Mon-Sat,1.25,1,9am-6pm,single-space
34.14291455,-118.1429981,17,Mon-Sat,1.25,1,9am-6pm,single-space
34.14298253,-118.1430004,18,Mon-Sat,1.25,1,9am-6pm,single-space
34.1430842,-118.143002,19,Mon-Sat,1.25,1,9am-6pm,single-space
34.14404966,-118.1430022,20,Mon-Sat,1.25,1,9am-6pm,single-space
34.14411048,-118.1430052,21,Mon-Sat,1.25,1,9am-6pm,single-space
34.14421245,-118.1430082,22,Mon-Sat,1.25,1,9am-6pm,single-space
34.14426433,-118.143009,23,Mon-Sat,1.25,1,9am-6pm,single-space
34.14432098,-118.1430106,24,Mon-Sat,1.25,1,9am-6pm,single-space
34.14434147,-118.142827,25,Mon-Sat,1.25,1,9am-6pm,single-space
34.14302806,-118.1428226,26,Mon-Sat,1.25,1,9am-6pm,single-space
34.14310558,-118.1428263,27,Mon-Sat,1.25,1,9am-6pm,single-space
34.14317804,-118.1428207,28,Mon-Sat,1.25,1,9am-6pm,single-space
34.14324781,-118.1428194,29,Mon-Sat,1.25,1,9am-6pm,single-space
34.14347263,-118.1428176,30,Mon-Sat,1.25,1,9am-6pm,single-space
34.14387872,-118.1428248,31,Mon-Sat,1.25,1,9am-6pm,single-space
34.14381372,-118.1428254,32,Mon-Sat,1.25,1,9am-6pm,single-space
34.14374932,-118.1428224,33,Mon-Sat,1.25,1,9am-6pm,single-space
34.14368671,-118.1428216,34,Mon-Sat,1.25,1,9am-6pm,single-space
34.14358325,-118.1428207,35,Mon-Sat,1.25,1,9am-6pm,single-space
34.1480743,-118.1444744,36,Mon-Sat,1.25,1,7am-5pm,multi-space
34.14810516,-118.144104,37,Mon-Sat,1.25,1,7am-5pm,multi-space
34.14716819,-118.1444668,38,Mon-Sat,1.25,1,7am-5pm,multi-space
34.14718355,-118.1440924,39,Mon-Sat,1.25,1,7am-5pm,multi-space
34.14637817,-118.1443736,40,Mon-Sat,1.25,0.5,7am-6pm,multi-space
34.1463969,-118.1441699,41,Mon-Sat,1.25,0.5,7am-6pm,multi-space
34.14793791,-118.1460769,42,Mon-Sat,1.25,2,7am-6pm,single-space
34.14806105,-118.1460757,43,Mon-Sat,1.25,2,7am-6pm,single-space
34.14812605,-118.1460779,44,Mon-Sat,1.25,2,7am-6pm,single-space
34.14853512,-118.1460801,45,Mon-Sat,1.25,2,7am-6pm,single-space
34.14859297,-118.1460802,46,Mon-Sat,1.25,2,7am-6pm,single-space
34.14865677,-118.146081,47,Mon-Sat,1.25,0.5,7am-6pm,single-space
34.14871909,-118.1460833,48,Mon-Sat,1.25,0.5,7am-6pm,single-space
34.14687558,-118.1463013,49,Mon-Sat,1.25,1,7am-6pm,single-space
34.14687787,-118.1463788,50,Mon-Sat,1.25,1,7am-6pm,single-space
34.1468754,-118.1464491,51,Mon-Sat,1.25,1,7am-6pm,single-space
34.14687589,-118.1465351,52,Mon-Sat,1.25,1,7am-6pm,single-space
34.14687402,-118.1466054,53,Mon-Sat,1.25,1,7am-6pm,single-space
34.14687373,-118.1468439,54,Mon-Sat,1.25,1,7am-6pm,single-space
34.14687483,-118.1469164,55,Mon-Sat,1.25,1,7am-6pm,single-space
34.14686773,-118.1473571,56,Mon-Sat,1.25,1,7am-6pm,single-space
34.14686765,-118.1474281,57,Mon-Sat,1.25,1,7am-6pm,single-space
34.14385278,-118.1460723,58,Mon-Fri,1.25,0.25,6am-6pm,single-space
34.14379493,-118.1460722,59,Mon-Fri,1.25,0.25,6am-6pm,single-space
34.14373172,-118.1460721,60,Mon-Fri,1.25,0.25,6am-6pm,single-space
34.14366434,-118.1460698,61,Mon-Fri,1.25,0.25,6am-6pm,single-space
34.14359994,-118.1460697,62,Mon-Fri,1.25,0.25,6am-6pm,single-space
34.14328717,-118.1460677,63,Mon-Fri,1.25,0.25,6am-6pm,single-space
34.14321591,-118.1460633,64,Mon-Fri,1.25,0.25,6am-6pm,single-space
34.14315151,-118.1460646,65,Mon-Fri,1.25,0.25,6am-6pm,single-space
34.14308889,-118.1460645,66,Mon-Fri,1.25,0.25,6am-6pm,single-space
34.14302598,-118.1460615,67,Mon-Fri,1.25,0.25,6am-6pm,single-space
34.14296099,-118.1460599,68,Mon-Fri,1.25,0.25,6am-6pm,single-space
34.14289837,-118.146057,69,Mon-Fri,1.25,0.25,6am-6pm,single-space
34.14589792,-118.1485047,70,Sun-Thurs/Fri-Sat,1.25,2,11am-8pm/11am-2am,single-space
34.14756778,-118.1486129,71,Sun-Thurs/Fri-Sat,1.25,2,11am-8pm/11am-2am,single-space
34.14756786,-118.1485441,72,Sun-Thurs/Fri-Sat,1.25,2,11am-8pm/11am-2am,single-space
34.14756913,-118.1484795,73,Sun-Thurs/Fri-Sat,1.25,2,11am-8pm/11am-2am,single-space
34.14756645,-118.1492036,74,Sun-Thurs/Fri-Sat,1.25,2,11am-8pm/11am-2am,single-space
34.14756457,-118.1492818,75,Sun-Thurs/Fri-Sat,1.25,2,11am-8pm/11am-2am,single-space
34.14756311,-118.149498,76,Sun-Thurs/Fri-Sat,1.25,2,11am-8pm/11am-2am,single-space
34.14756228,-118.1496838,77,Sun-Thurs/Fri-Sat,1.25,2,11am-8pm/11am-2am,single-space
34.14756151,-118.1498254,78,Sun-Thurs/Fri-Sat,1.25,2,11am-8pm/11am-2am,single-space
34.14756084,-118.1498893,79,Sun-Thurs/Fri-Sat,1.25,2,11am-8pm/11am-2am,single-space
34.14756134,-118.1499638,80,Sun-Thurs/Fri-Sat,1.25,2,11am-8pm/11am-2am,single-space
34.14756065,-118.1500384,81,Sun-Thurs/Fri-Sat,1.25,2,11am-8pm/11am-2am,single-space
34.14756054,-118.1501267,82,Sun-Thurs/Fri-Sat,1.25,2,11am-8pm/11am-2am,single-space
34.14772659,-118.1499111,83,Sun-Thurs/Fri-Sat,1.25,2,11am-8pm/11am-2am,single-space
34.14772787,-118.149835,84,Sun-Thurs/Fri-Sat,1.25,2,11am-8pm/11am-2am,single-space
34.14773502,-118.1493592,85,Sun-Thurs/Fri-Sat,1.25,2,11am-8pm/11am-2am,multi-space
34.14308472,-118.148773,86,Sun-Thurs/Fri-Sat,1.25,2,11am-8pm/11am-2am,single-space
34.14292759,-118.1487713,87,Sun-Thurs/Fri-Sat,1.25,2,11am-8pm/11am-2am,single-space
34.14287153,-118.1487733,88,Sun-Thurs/Fri-Sat,1.25,2,11am-8pm/11am-2am,single-space
34.14269175,-118.1487694,89,Sun-Thurs/Fri-Sat,1.25,2,11am-8pm/11am-2am,single-space
34.14263748,-118.1487686,90,Sun-Thurs/Fri-Sat,1.25,2,11am-8pm/11am-2am,single-space
34.14245178,-118.1489659,91,Sun-Thurs/Fri-Sat,1.25,2,11am-8pm/11am-2am,single-space
34.14251976,-118.1489674,92,Sun-Thurs/Fri-Sat,1.25,2,11am-8pm/11am-2am,single-space
34.14258655,-118.1489661,93,Sun-Thurs/Fri-Sat,1.25,2,11am-8pm/11am-2am,single-space
34.14265095,-118.1489691,94,Sun-Thurs/Fri-Sat,1.25,2,11am-8pm/11am-2am,single-space
34.14272012,-118.1489699,95,Sun-Thurs/Fri-Sat,1.25,2,11am-8pm/11am-2am,single-space
34.14278393,-118.14897,96,Sun-Thurs/Fri-Sat,1.25,2,11am-8pm/11am-2am,single-space
34.14285519,-118.1489709,97,Sun-Thurs/Fri-Sat,1.25,2,11am-8pm/11am-2am,single-space
34.1429178,-118.1489732,98,Sun-Thurs/Fri-Sat,1.25,2,11am-8pm/11am-2am,single-space
34.1429822,-118.1489747,99,Sun-Thurs/Fri-Sat,1.25,2,11am-8pm/11am-2am,single-space
34.14303587,-118.1489741,100,Sun-Thurs/Fri-Sat,1.25,2,11am-8pm/11am-2am,single-space
34.14309521,-118.1489735,101,Sun-Thurs/Fri-Sat,1.25,2,11am-8pm/11am-2am,single-space
34.14330929,-118.1489739,102,Sun-Thurs/Fri-Sat,1.25,2,11am-8pm/11am-2am,single-space
34.1432431,-118.148973,103,Sun-Thurs/Fri-Sat,1.25,2,11am-8pm/11am-2am,single-space
34.14317929,-118.1489715,104,Sun-Thurs/Fri-Sat,1.25,2,11am-8pm/11am-2am,single-space
34.14384758,-118.1505756,105,Sun-Thurs/Fri-Sat,1.25,2,11am-8pm/11am-2am,single-space
34.14391228,-118.150575,106,Sun-Thurs/Fri-Sat,1.25,2,11am-8pm/11am-2am,single-space
34.1440697,-118.1505782,107,Sun-Thurs/Fri-Sat,1.25,2,11am-8pm/11am-2am,single-space
34.14412934,-118.1505783,108,Sun-Thurs/Fri-Sat,1.25,2,11am-8pm/11am-2am,single-space
34.14425186,-118.1503583,109,Sun-Thurs/Fri-Sat,1.25,0.25,11am-8pm/11am-2am,single-space
34.14399484,-118.1503564,110,Sun-Thurs/Fri-Sat,1.25,2,11am-8pm/11am-2am,single-space
34.14392984,-118.1503556,111,Sun-Thurs/Fri-Sat,1.25,2,11am-8pm/11am-2am,single-space
34.14386127,-118.1503548,112,Sun-Thurs/Fri-Sat,1.25,2,11am-8pm/11am-2am,single-space
34.14300319,-118.1505677,113,Sun-Thurs/Fri-Sat,1.25,2,11am-8pm/11am-2am,single-space
34.14293998,-118.1505675,114,Sun-Thurs/Fri-Sat,1.25,2,11am-8pm/11am-2am,single-space
34.1428708,-118.1505667,115,Sun-Thurs/Fri-Sat,1.25,2,11am-8pm/11am-2am,single-space
34.14280939,-118.1505644,116,Sun-Thurs/Fri-Sat,1.25,2,11am-8pm/11am-2am,single-space
34.14273902,-118.150565,117,Sun-Thurs/Fri-Sat,1.25,2,11am-8pm/11am-2am,single-space
34.14268237,-118.1505635,118,Sun-Thurs/Fri-Sat,1.25,2,11am-8pm/11am-2am,single-space
34.14260542,-118.150345,119,Sun-Thurs/Fri-Sat,1.25,2,11am-8pm/11am-2am,single-space
34.14267101,-118.1503451,120,Sun-Thurs/Fri-Sat,1.25,2,11am-8pm/11am-2am,single-space
34.14273601,-118.1503459,121,Sun-Thurs/Fri-Sat,1.25,2,11am-8pm/11am-2am,single-space
34.14278849,-118.1503453,122,Sun-Thurs/Fri-Sat,1.25,2,11am-8pm/11am-2am,single-space
34.14299541,-118.1503492,123,Sun-Thurs/Fri-Sat,1.25,2,11am-8pm/11am-2am,single-space
34.14305862,-118.1503501,124,Sun-Thurs/Fri-Sat,1.25,2,11am-8pm/11am-2am,single-space
34.14312183,-118.1503509,125,Sun-Thurs/Fri-Sat,1.25,2,11am-8pm/11am-2am,single-space
34.14318802,-118.1503517,126,Sun-Thurs/Fri-Sat,1.25,2,11am-8pm/11am-2am,single-space
34.14325242,-118.1503511,127,Sun-Thurs/Fri-Sat,1.25,2,11am-8pm/11am-2am,single-space
34.14331205,-118.1503527,128,Sun-Thurs/Fri-Sat,1.25,2,11am-8pm/11am-2am,single-space
34.14225809,-118.1505595,129,Sun-Thurs/Fri-Sat,1.25,2,11am-8pm/11am-2am,single-space
34.1422068,-118.1505601,130,Sun-Thurs/Fri-Sat,1.25,2,11am-8pm/11am-2am,single-space
34.14206398,-118.1505584,131,Sun-Thurs/Fri-Sat,1.25,2,11am-8pm/11am-2am,single-space
34.14199243,-118.1505576,132,Sun-Thurs/Fri-Sat,1.25,2,11am-8pm/11am-2am,single-space
34.14193458,-118.1505575,133,Sun-Thurs/Fri-Sat,1.25,2,11am-8pm/11am-2am,single-space
34.14188032,-118.1505552,134,Sun-Thurs/Fri-Sat,1.25,2,11am-8pm/11am-2am,single-space
34.14151418,-118.1505539,135,Sun-Thurs/Fri-Sat,1.25,2,11am-8pm/11am-2am,single-space
34.14144739,-118.1505523,136,Sun-Thurs/Fri-Sat,1.25,2,11am-8pm/11am-2am,single-space
34.1413806,-118.1505529,137,Sun-Thurs/Fri-Sat,1.25,2,11am-8pm/11am-2am,single-space
34.14132753,-118.1505514,138,Sun-Thurs/Fri-Sat,1.25,2,11am-8pm/11am-2am,single-space
34.14136835,-118.1503338,139,Sun-Thurs/Fri-Sat,1.25,2,11am-8pm/11am-2am,single-space
34.14163043,-118.1503371,140,Sun-Thurs/Fri-Sat,1.25,2,11am-8pm/11am-2am,single-space
34.14169662,-118.1503387,141,Sun-Thurs/Fri-Sat,1.25,2,11am-8pm/11am-2am,single-space
34.1417646,-118.1503388,142,Sun-Thurs/Fri-Sat,1.25,2,11am-8pm/11am-2am,single-space
34.14182901,-118.1503389,143,Sun-Thurs/Fri-Sat,1.25,2,11am-8pm/11am-2am,single-space
34.14189401,-118.150339,144,Sun-Thurs/Fri-Sat,1.25,2,11am-8pm/11am-2am,single-space
34.1419602,-118.1503391,145,Sun-Thurs/Fri-Sat,1.25,2,11am-8pm/11am-2am,single-space
34.14202609,-118.1503407,146,Sun-Thurs/Fri-Sat,1.25,2,11am-8pm/11am-2am,single-space
34.14209466,-118.1503444,147,Sun-Thurs/Fri-Sat,1.25,2,11am-8pm/11am-2am,single-space
34.14215669,-118.1503409,148,Sun-Thurs/Fri-Sat,1.25,2,11am-8pm/11am-2am,single-space
34.1422187,-118.150341,149,Sun-Thurs/Fri-Sat,1.25,2,11am-8pm/11am-2am,single-space
34.14229264,-118.150344,150,Sun-Thurs/Fri-Sat,1.25,2,11am-8pm/11am-2am,single-space
34.14805904,-118.1504096,151,Sun-Thurs/Fri-Sat,1.25,2,11am-8pm/11am-2am,single-space
34.14812643,-118.1504083,152,Sun-Thurs/Fri-Sat,1.25,2,11am-8pm/11am-2am,single-space
34.14819083,-118.150407,153,Sun-Thurs/Fri-Sat,1.25,2,11am-8pm/11am-2am,single-space
34.14825643,-118.1504064,154,Sun-Thurs/Fri-Sat,1.25,2,11am-8pm/11am-2am,single-space
34.14832083,-118.1504072,155,Sun-Thurs/Fri-Sat,1.25,2,11am-8pm/11am-2am,single-space
34.14836973,-118.1504066,156,Sun-Thurs/Fri-Sat,1.25,2,11am-8pm/11am-2am,single-space
34.14210059,-118.1522834,157,Mon-Sat,1.25,2,11am-8pm/11am-2am,single-space
34.14205527,-118.1522804,158,Mon-Sat,1.25,2,11am-8pm/11am-2am,single-space
34.14199922,-118.1522781,159,Mon-Sat,1.25,2,11am-8pm/11am-2am,single-space
34.14194137,-118.1522788,160,Mon-Sat,1.25,2,11am-8pm/11am-2am,single-space
34.14188889,-118.1522794,161,Mon-Sat,1.25,2,11am-8pm/11am-2am,single-space
34.14189231,-118.1524042,162,Mon-Sat,1.25,2,11am-8pm/11am-2am,single-space
34.14194419,-118.152405,163,Mon-Sat,1.25,2,11am-8pm/11am-2am,single-space
34.1419925,-118.1524065,164,Mon-Sat,1.25,2,11am-8pm/11am-2am,single-space
34.14204199,-118.1524059,165,Mon-Sat,1.25,2,11am-8pm/11am-2am,single-space
34.14210848,-118.1524074,166,Mon-Sat,1.25,2,11am-8pm/11am-2am,single-space
34.14217348,-118.1524083,167,Mon-Sat,1.25,2,11am-8pm/11am-2am,single-space
34.14102572,-118.1522735,168,Mon-Sat,1.25,2,11am-8pm/11am-2am,single-space
34.14157523,-118.1522795,169,Mon-Sat,1.25,2,11am-8pm/11am-2am,single-space
34.14150128,-118.1522787,170,Mon-Sat,1.25,2,11am-8pm/11am-2am,single-space
34.14143688,-118.1522778,171,Mon-Sat,1.25,2,11am-8pm/11am-2am,single-space
34.14137307,-118.1522777,172,Mon-Sat,1.25,2,11am-8pm/11am-2am,single-space
34.14131345,-118.152274,173,Mon-Sat,1.25,2,11am-8pm/11am-2am,single-space
34.1411496,-118.1524,174,Mon-Sat,1.25,2,11am-8pm/11am-2am,single-space
34.14129957,-118.1524002,175,Mon-Sat,1.25,2,11am-8pm/11am-2am,single-space
34.1413592,-118.1524011,176,Mon-Sat,1.25,2,11am-8pm/11am-2am,single-space
34.14142241,-118.1524012,177,Mon-Sat,1.25,2,11am-8pm/11am-2am,single-space
34.14148622,-118.152402,178,Mon-Sat,1.25,2,11am-8pm/11am-2am,single-space
34.14155181,-118.152405,179,Mon-Sat,1.25,2,11am-8pm/11am-2am,single-space
34.14260716,-118.1522871,180,Sun-Thurs/Fri-Sat,1.25,2,11am-8pm/11am-2am,single-space
34.14266143,-118.1522872,181,Sun-Thurs/Fri-Sat,1.25,2,11am-8pm/11am-2am,single-space
34.14288028,-118.1522884,182,Sun-Thurs/Fri-Sat,1.25,2,11am-8pm/11am-2am,single-space
34.1429894,-118.15229,183,Sun-Thurs/Fri-Sat,1.25,2,11am-8pm/11am-2am,single-space
34.14323568,-118.1522912,184,Sun-Thurs/Fri-Sat,1.25,2,11am-8pm/11am-2am,single-space
34.14329889,-118.1522949,185,Sun-Thurs/Fri-Sat,1.25,2,11am-8pm/11am-2am,single-space
34.14336836,-118.1522936,186,Sun-Thurs/Fri-Sat,1.25,2,11am-8pm/11am-2am,single-space
34.14343157,-118.152293,187,Sun-Thurs/Fri-Sat,1.25,2,11am-8pm/11am-2am,single-space
34.14348584,-118.1522945,188,Sun-Thurs/Fri-Sat,1.25,2,11am-8pm/11am-2am,single-space
34.14383796,-118.152298,189,Sun-Thurs/Fri-Sat,1.25,2,11am-8pm/11am-2am,single-space
34.14388984,-118.1522981,190,Sun-Thurs/Fri-Sat,1.25,2,11am-8pm/11am-2am,single-space
34.14403296,-118.1522991,191,Sun-Thurs/Fri-Sat,1.25,2,11am-8pm/11am-2am,single-space
34.14408961,-118.1522992,192,Sun-Thurs/Fri-Sat,1.25,2,11am-8pm/11am-2am,single-space
34.14429876,-118.1524258,193,Sun-Thurs/Fri-Sat,1.25,2,11am-8pm/11am-2am,single-space
34.14417414,-118.1524227,194,Sun-Thurs/Fri-Sat,1.25,2,11am-8pm/11am-2am,single-space
34.14410974,-118.152419,195,Sun-Thurs/Fri-Sat,1.25,2,11am-8pm/11am-2am,single-space
34.14404056,-118.1524189,196,Sun-Thurs/Fri-Sat,1.25,2,11am-8pm/11am-2am,single-space
34.14398212,-118.1524202,197,Sun-Thurs/Fri-Sat,1.25,2,11am-8pm/11am-2am,single-space
34.14391713,-118.1524165,198,Sun-Thurs/Fri-Sat,1.25,2,11am-8pm/11am-2am,single-space
34.14385928,-118.1524221,199,Sun-Thurs/Fri-Sat,1.25,2,11am-8pm/11am-2am,single-space
34.14473321,-118.1521691,200,Sun-Thurs/Fri-Sat,1.25,2,11am-8pm/11am-2am,single-space
34.1448,-118.1521692,201,Sun-Thurs/Fri-Sat,1.25,2,11am-8pm/11am-2am,single-space
34.144865,-118.15217,202,Sun-Thurs/Fri-Sat,1.25,2,11am-8pm/11am-2am,single-space
34.14772648,-118.1499936,203,Sun-Thurs/Fri-Sat,1.25,2,11am-8pm/11am-2am,single-space
34.14493417,-118.1521716,204,Sun-Thurs/Fri-Sat,1.25,2,11am-8pm/11am-2am,single-space
34.14498605,-118.1521717,205,Sun-Thurs/Fri-Sat,1.25,2,11am-8pm/11am-2am,single-space
34.14552616,-118.1522996,206,Sun-Thurs/Fri-Sat,1.25,2,11am-8pm/11am-2am,single-space
34.14546534,-118.1522988,207,Sun-Thurs/Fri-Sat,1.25,2,11am-8pm/11am-2am,single-space
34.14224409,-118.143939,208,Mon-Sat,1.25,2,9am-6pm,single-space
34.14224357,-118.1438723,209,Mon-Sat,1.25,2,9am-6pm,single-space
34.14224367,-118.143787,210,Mon-Sat,1.25,2,9am-6pm,single-space
34.14227201,-118.1445279,211,Mon-Sat,1.25,2,9am-6pm,single-space
34.14227907,-118.1446097,212,Mon-Sat,1.25,2,9am-6pm,single-space
34.14228375,-118.1446792,213,Mon-Sat,1.25,2,9am-6pm,single-space
34.14464211,-118.1425191,214,Sun-Sat,1.25,1,7am-8pm,single-space
34.14464339,-118.1424431,215,Sun-Sat,1.25,1,7am-8pm,single-space
34.14464408,-118.1423671,216,Sun-Sat,1.25,1,7am-8pm,single-space
34.14773049,-118.147487,217,Sun-Sat,1.25,2,11am-8pm/11am-2am,single-space
34.14774604,-118.1474433,218,Sun-Sat,1.25,2,11am-8pm/11am-2am,single-space
34.14776577,-118.1474053,219,Sun-Sat,1.25,2,11am-8pm/11am-2am,single-space
34.14779741,-118.1473738,220,Sun-Sat,1.25,2,11am-8pm/11am-2am,single-space
34.14783799,-118.1473559,221,Sun-Sat,1.25,2,11am-8pm/11am-2am,single-space
34.14787853,-118.1473567,222,Sun-Sat,1.25,2,11am-8pm/11am-2am,single-space
34.14791728,-118.147369,223,Sun-Sat,1.25,2,11am-8pm/11am-2am,single-space
34.14784532,-118.1476966,224,Sun-Sat,1.25,2,11am-8pm/11am-2am,single-space
34.14789303,-118.147696,225,Sun-Sat,1.25,2,11am-8pm/11am-2am,single-space
34.14793002,-118.1476796,226,Sun-Sat,1.25,2,11am-8pm/11am-2am,single-space
34.14796405,-118.1476509,227,Sun-Sat,1.25,2,11am-8pm/11am-2am,single-space
34.14745285,-118.1477713,228,Sun-Thurs/Fri-Sat,1.25,2,11am-8pm/11am-2am,single-space
34.14739501,-118.1477704,229,Sun-Thurs/Fri-Sat,1.25,2,11am-8pm/11am-2am,single-space
34.14734313,-118.1477703,230,Sun-Thurs/Fri-Sat,1.25,2,11am-8pm/11am-2am,single-space
34.14699965,-118.1477669,231,Sun-Thurs/Fri-Sat,1.25,2,11am-8pm/11am-2am,single-space
34.14705689,-118.1477677,232,Sun-Thurs/Fri-Sat,1.25,2,11am-8pm/11am-2am,single-space
34.14711801,-118.1477685,233,Sun-Thurs/Fri-Sat,1.25,2,11am-8pm/11am-2am,single-space
34.14741017,-118.1475567,234,Sun-Thurs/Fri-Sat,1.25,2,11am-8pm/11am-2am,single-space
34.14735591,-118.1475573,235,Sun-Thurs/Fri-Sat,1.25,2,11am-8pm/11am-2am,single-space
34.14729926,-118.1475526,236,Sun-Thurs/Fri-Sat,1.25,2,11am-8pm/11am-2am,single-space
34.14721995,-118.1475517,237,Sun-Thurs/Fri-Sat,1.25,2,11am-8pm/11am-2am,single-space
34.14715615,-118.1475516,238,Sun-Thurs/Fri-Sat,1.25,2,11am-8pm/11am-2am,single-space
34.14708906,-118.1475522,239,Sun-Thurs/Fri-Sat,1.25,2,11am-8pm/11am-2am,single-space
34.14702823,-118.147555,240,Sun-Thurs/Fri-Sat,1.25,2,11am-8pm/11am-2am,single-space
34.14637381,-118.1477625,241,Sun-Thurs/Fri-Sat,1.25,2,11am-8pm/11am-2am,single-space
34.146522,-118.1477592,242,Sun-Thurs/Fri-Sat,1.25,2,11am-8pm/11am-2am,single-space
34.14656731,-118.1477622,243,Sun-Thurs/Fri-Sat,1.25,2,11am-8pm/11am-2am,single-space
34.14805391,-118.1490171,244,Sun-Thurs/Fri-Sat,1.25,4,11am-8pm/11am-2am,single-space
34.14811413,-118.1490194,245,Sun-Thurs/Fri-Sat,1.25,4,11am-8pm/11am-2am,single-space
34.14818689,-118.1490188,246,Sun-Thurs/Fri-Sat,1.25,4,11am-8pm/11am-2am,single-space
34.14825188,-118.1490196,247,Sun-Thurs/Fri-Sat,1.25,4,11am-8pm/11am-2am,single-space
34.14852112,-118.1490237,248,Sun-Thurs/Fri-Sat,1.25,0.25,11am-8pm/11am-2am,single-space
34.14910671,-118.1490276,249,Sun-Thurs/Fri-Sat,1.25,4,11am-8pm/11am-2am,single-space
34.14916276,-118.1490291,250,Sun-Thurs/Fri-Sat,1.25,4,11am-8pm/11am-2am,single-space
34.14922895,-118.1490292,251,Sun-Thurs/Fri-Sat,1.25,4,11am-8pm/11am-2am,single-space
34.14929336,-118.1490293,252,Sun-Thurs/Fri-Sat,1.25,4,11am-8pm/11am-2am,single-space
34.148694,-118.1488249,253,Sun-Thurs/Fri-Sat,1.25,4,11am-8pm/11am-2am,single-space
34.1486296,-118.1488255,254,Sun-Thurs/Fri-Sat,1.25,4,11am-8pm/11am-2am,single-space
34.14856222,-118.148824,255,Sun-Thurs/Fri-Sat,1.25,4,11am-8pm/11am-2am,single-space
34.14849662,-118.1488217,256,Sun-Thurs/Fri-Sat,1.25,4,11am-8pm/11am-2am,single-space
34.14808427,-118.1488181,257,Sun-Thurs/Fri-Sat,1.25,4,11am-8pm/11am-2am,single-space
34.14815224,-118.1488211,258,Sun-Thurs/Fri-Sat,1.25,4,11am-8pm/11am-2am,single-space
34.14821963,-118.1488191,259,Sun-Thurs/Fri-Sat,1.25,4,11am-8pm/11am-2am,single-space
34.1482888,-118.1488213,260,Sun-Thurs/Fri-Sat,1.25,4,11am-8pm/11am-2am,single-space
34.14835798,-118.1488215,261,Sun-Thurs/Fri-Sat,1.25,4,11am-8pm/11am-2am,single-space
34.14842894,-118.1488223,262,Sun-Thurs/Fri-Sat,1.25,4,11am-8pm/11am-2am,single-space
34.14695608,-118.1490069,263,Sun-Thurs/Fri-Sat,1.25,0.25,11am-8pm/11am-2am,single-space
34.14700975,-118.149007,264,Sun-Thurs/Fri-Sat,1.25,2,11am-8pm/11am-2am,single-space
34.14707892,-118.1490085,265,Sun-Thurs/Fri-Sat,1.25,2,11am-8pm/11am-2am,single-space
34.14714035,-118.1490087,266,Sun-Thurs/Fri-Sat,1.25,2,11am-8pm/11am-2am,single-space
34.14727362,-118.1490096,267,Sun-Thurs/Fri-Sat,1.25,2,11am-8pm/11am-2am,single-space
34.14733564,-118.1490097,268,Sun-Thurs/Fri-Sat,1.25,2,11am-8pm/11am-2am,single-space
34.14740302,-118.1490141,269,Sun-Thurs/Fri-Sat,1.25,2,11am-8pm/11am-2am,single-space
34.14745903,-118.148812,270,Sun-Thurs/Fri-Sat,1.25,2,11am-8pm/11am-2am,single-space
34.14740476,-118.1488119,271,Sun-Thurs/Fri-Sat,1.25,2,11am-8pm/11am-2am,single-space
34.14733916,-118.1488118,272,Sun-Thurs/Fri-Sat,1.25,2,11am-8pm/11am-2am,single-space
34.14727834,-118.1488109,273,Sun-Thurs/Fri-Sat,1.25,2,11am-8pm/11am-2am,single-space
34.14721752,-118.1488101,274,Sun-Thurs/Fri-Sat,1.25,2,11am-8pm/11am-2am,single-space
34.14715699,-118.1488086,275,Sun-Thurs/Fri-Sat,1.25,2,11am-8pm/11am-2am,single-space
34.14709557,-118.1488099,276,Sun-Thurs/Fri-Sat,1.25,2,11am-8pm/11am-2am,single-space
34.1470261,-118.1488083,277,Sun-Thurs/Fri-Sat,1.25,2,11am-8pm/11am-2am,single-space
34.14695871,-118.1488097,278,Sun-Thurs/Fri-Sat,1.25,2,11am-8pm/11am-2am,single-space
34.14600614,-118.1489987,279,Sun-Thurs/Fri-Sat,1.25,0.25,11am-8pm/11am-2am,single-space
34.1460622,-118.1489996,280,Sun-Thurs/Fri-Sat,1.25,2,11am-8pm/11am-2am,single-space
34.14612779,-118.1489997,281,Sun-Thurs/Fri-Sat,1.25,2,11am-8pm/11am-2am,single-space
34.14633382,-118.1490015,282,Sun-Thurs/Fri-Sat,1.25,2,11am-8pm/11am-2am,single-space
34.1463863,-118.1490023,283,Sun-Thurs/Fri-Sat,1.25,2,11am-8pm/11am-2am,single-space
34.1464513,-118.1490031,284,Sun-Thurs/Fri-Sat,1.25,2,11am-8pm/11am-2am,single-space
34.1463937,-118.1488029,285,Sun-Thurs/Fri-Sat,1.25,2,11am-8pm/11am-2am,single-space
34.14634242,-118.1488028,286,Sun-Thurs/Fri-Sat,1.25,2,11am-8pm/11am-2am,single-space
34.14618141,-118.1488011,287,Sun-Thurs/Fri-Sat,1.25,2,11am-8pm/11am-2am,single-space
34.14613728,-118.1488017,288,Sun-Thurs/Fri-Sat,1.25,0.25,11am-8pm/11am-2am,single-space
34.14607109,-118.1488009,289,Sun-Thurs/Fri-Sat,1.25,0.25,11am-8pm/11am-2am,single-space
34.14501804,-118.1489884,290,Sun-Thurs/Fri-Sat,1.25,2,11am-8pm/11am-2am,single-space
34.14506813,-118.1489906,291,Sun-Thurs/Fri-Sat,1.25,2,11am-8pm/11am-2am,single-space
34.14512717,-118.14899,292,Sun-Thurs/Fri-Sat,1.25,2,11am-8pm/11am-2am,single-space
34.14519336,-118.1489916,293,Sun-Thurs/Fri-Sat,1.25,2,11am-8pm/11am-2am,single-space
34.14535645,-118.1489933,294,Sun-Thurs/Fri-Sat,1.25,2,11am-8pm/11am-2am,single-space
34.14540476,-118.1489927,295,Sun-Thurs/Fri-Sat,1.25,2,11am-8pm/11am-2am,single-space
34.14547035,-118.1489942,296,Sun-Thurs/Fri-Sat,1.25,2,11am-8pm/11am-2am,single-space
34.14553416,-118.148995,297,Sun-Thurs/Fri-Sat,1.25,2,11am-8pm/11am-2am,single-space
34.14554752,-118.148796,298,Sun-Thurs/Fri-Sat,1.25,0.25,11am-8pm/11am-2am,single-space
34.14549266,-118.1487945,299,Sun-Thurs/Fri-Sat,1.25,2,11am-8pm/11am-2am,single-space
34.14543362,-118.1487951,300,Sun-Thurs/Fri-Sat,1.25,2,11am-8pm/11am-2am,single-space
34.14521358,-118.1487933,301,Sun-Thurs/Fri-Sat,1.25,2,11am-8pm/11am-2am,single-space
34.14515634,-118.1487917,302,Sun-Thurs/Fri-Sat,1.25,2,11am-8pm/11am-2am,single-space
34.14509074,-118.1487916,303,Sun-Thurs/Fri-Sat,1.25,2,11am-8pm/11am-2am,single-space
34.14501978,-118.1487901,304,Sun-Thurs/Fri-Sat,1.25,2,11am-8pm/11am-2am,single-space
34.14495955,-118.1487907,305,Sun-Thurs/Fri-Sat,1.25,2,11am-8pm/11am-2am,single-space
34.14482717,-118.148789,306,Sun-Thurs/Fri-Sat,1.25,2,11am-8pm/11am-2am,single-space
34.14476873,-118.1487882,307,Sun-Thurs/Fri-Sat,1.25,2,11am-8pm/11am-2am,single-space
34.14373178,-118.1489793,308,Sun-Thurs/Fri-Sat,1.25,2,11am-8pm/11am-2am,single-space
34.14377591,-118.1489793,309,Sun-Thurs/Fri-Sat,1.25,2,11am-8pm/11am-2am,single-space
34.14401951,-118.1489798,310,Sun-Thurs/Fri-Sat,1.25,2,11am-8pm/11am-2am,single-space
34.14408689,-118.1489806,311,Sun-Thurs/Fri-Sat,1.25,2,11am-8pm/11am-2am,single-space
34.14415368,-118.1489807,312,Sun-Thurs/Fri-Sat,1.25,2,11am-8pm/11am-2am,single-space
34.14421927,-118.1489823,313,Sun-Thurs/Fri-Sat,1.25,2,11am-8pm/11am-2am,single-space
34.14414796,-118.1487828,314,Sun-Thurs/Fri-Sat,1.25,2,11am-8pm/11am-2am,single-space
34.14408057,-118.1487819,315,Sun-Thurs/Fri-Sat,1.25,2,11am-8pm/11am-2am,single-space
34.14401379,-118.1487818,316,Sun-Thurs/Fri-Sat,1.25,2,11am-8pm/11am-2am,single-space
34.14394938,-118.1487824,317,Sun-Thurs/Fri-Sat,1.25,2,11am-8pm/11am-2am,single-space
34.143882,-118.1487816,318,Sun-Thurs/Fri-Sat,1.25,2,11am-8pm/11am-2am,single-space
34.14381939,-118.1487793,319,Sun-Thurs/Fri-Sat,1.25,2,11am-8pm/11am-2am,single-space
34.14374932,-118.1487785,320,Sun-Thurs/Fri-Sat,1.25,2,11am-8pm/11am-2am,single-space
34.14368552,-118.1487762,321,Sun-Thurs/Fri-Sat,1.25,2,11am-8pm/11am-2am,single-space
34.14338407,-118.1487757,322,Sun-Thurs/Fri-Sat,1.25,2,11am-8pm/11am-2am,single-space
34.14333696,-118.1487756,323,Sun-Thurs/Fri-Sat,1.25,2,11am-8pm/11am-2am,single-space
34.14327256,-118.1487762,324,Sun-Thurs/Fri-Sat,1.25,2,11am-8pm/11am-2am,single-space
34.14320816,-118.1487746,325,Sun-Thurs/Fri-Sat,1.25,2,11am-8pm/11am-2am,single-space
34.14314793,-118.1487745,326,Sun-Thurs/Fri-Sat,1.25,2,11am-8pm/11am-2am,single-space
34.14643256,-118.1413334,327,Mon-Sat,1.25,2,9am-6pm,single-space
34.14662791,-118.141339,328,Mon-Sat,1.25,2,9am-6pm,single-space
34.14681019,-118.1413383,329,Mon-Sat,1.25,2,9am-6pm,single-space
34.14593758,-118.1436137,330,Sun-Sat,1.25,1,7am-8pm,multi-space
34.14508969,-118.1382696,331,Sun-Sat,1.5,20,6am-2am,multi-space
34.14592594,-118.1451688,332,Sun-Sat,1.25,1,7am-8pm,multi-space
34.14591606,-118.1469837,333,Sun-Sat,1.25,2,7am-8pm,multi-space
34.14494288,-118.1377863,334,Sun-Sat,1.5,20,6am-2am,multi-space
34.14638564,-118.1413337,335,Mon-Sat,1.25,2,9am-6pm,single-space
34.1457422,-118.1424165,336,Sun-Sat,1.25,0.25,7am-8pm,multi-space
34.14572203,-118.1446878,337,Sun-Sat,1.25,1,7am-8pm,multi-space
34.14740414,-118.1367963,338,Sun-Sat,1,24,2am-2am,multi-space
34.14740947,-118.1367972,339,Sun-Sat,1,24,2am-2am,multi-space
34.14571849,-118.1450892,340,Sun-Sat,1.25,1,7am-8pm,multi-space
34.1477063,-118.1360519,341,Sun-Sat,1,24,2am-2am,multi-space
34.14675101,-118.1413358,342,Mon-Sat,1.25,2,9am-6pm,single-space
34.1459537,-118.1424013,343,Sun-Sat,1.25,1,7am-8pm,multi-space
34.14715268,-118.1460975,344,Mon-Fri,1.25,1,9am-4pm,single-space
34.14721085,-118.1460935,345,Mon-Fri,1.25,1,9am-4pm,single-space
34.14727704,-118.146095,346,Mon-Fri,1.25,1,9am-4pm,single-space
34.14734569,-118.1460893,347,Mon-Fri,1.25,1,9am-4pm,single-space
34.14740943,-118.1460864,348,Mon-Fri,1.25,1,9am-4pm,single-space
34.14686228,-118.1413394,349,Mon-Sat,1.25,2,9am-6pm,single-space
34.14390342,-118.1324664,350,Mon-Sat,1,1,9am-6pm,multi-space
34.14322824,-118.132464,351,Mon-Sat,1,1,9am-6pm,multi-space
34.14315249,-118.1322114,352,Mon-Sat,1,1,9am-6pm,multi-space
34.14353263,-118.1322134,353,Mon-Sat,1,1,9am-6pm,multi-space
34.14380666,-118.1322206,354,Mon-Sat,1,1,9am-6pm,multi-space
34.14200576,-118.1324543,355,Mon-Sat,1,1,9am-6pm,multi-space
34.14198244,-118.1322076,356,Mon-Sat,1,1,9am-6pm,multi-space
34.14156947,-118.1321988,357,Mon-Sat,1,1,9am-6pm,multi-space
34.1411227,-118.1324575,358,Mon-Sat,1,1,9am-6pm,multi-space
34.13991136,-118.1324351,359,Mon-Sat,1,1,9am-6pm,multi-space
34.13952225,-118.1324308,360,Mon-Sat,1,1,9am-6pm,multi-space
34.13869999,-118.1324258,361,Mon-Sat,1,1,9am-6pm,multi-space
34.13839152,-118.132179,362,Mon-Sat,1,1,9am-6pm,multi-space
34.13862449,-118.132172,363,Mon-Sat,1,1,9am-6pm,multi-space
34.13938377,-118.1321842,364,Mon-Sat,1,1,9am-6pm,multi-space
34.13982613,-118.1321874,365,Mon-Sat,1,1,9am-6pm,multi-space
34.14019272,-118.1321917,366,Mon-Sat,1,1,9am-6pm,multi-space
34.13734553,-118.132165,367,Mon-Sat,1,1,9am-6pm,multi-space
34.1373043,-118.1324125,368,Mon-Sat,1,1,9am-6pm,multi-space
34.13662618,-118.1321577,369,Mon-Sat,1,1,9am-6pm,multi-space
34.1367662,-118.1324042,370,Mon-Sat,1,1,9am-6pm,multi-space
34.13646566,-118.1324025,371,Mon-Sat,1,1,9am-6pm,multi-space
34.14242055,-118.1314461,372,Mon-Sat,1,9,10am-7pm,multi-space
34.14210073,-118.131441,373,Mon-Sat,1,9,10am-7pm,multi-space
34.14175813,-118.1314382,374,Mon-Sat,1,8,10am-7pm,multi-space
34.14141304,-118.1314321,375,Mon-Sat,1,9,10am-7pm,multi-space
34.1410688,-118.131427,376,Mon-Sat,1,9,10am-7pm,multi-space
34.14074717,-118.1313346,377,Mon-Sat,1,9,10am-7pm,multi-space
34.14043565,-118.1314223,378,Mon-Sat,1,9,10am-7pm,multi-space
34.14005522,-118.1313611,379,Mon-Sat,1,9,10am-7pm,multi-space
34.13973495,-118.1314166,380,Mon-Sat,1,9,10am-7pm,multi-space
34.13937929,-118.1313848,381,Mon-Sat,1,9,10am-7pm,multi-space
34.13903047,-118.1313788,382,Mon-Sat,1,9,10am-7pm,multi-space
34.13867706,-118.13138,383,Mon-Sat,1,9,10am-7pm,multi-space
34.13832328,-118.1313749,384,Mon-Sat,1,9,10am-7pm,multi-space
34.13798053,-118.131401,385,Mon-Sat,1,9,10am-7pm,multi-space
34.14396032,-118.1523003,386,Sun-Thurs/Fri-Sat,1.25,2,11am-8pm/11am-2am,single-space
34.14274857,-118.1522883,387,Sun-Thurs/Fri-Sat,1.25,2,11am-8pm/11am-2am,single-space
34.14943068,-118.1437,388,Mon-Fri,1.25,1,7am-6pm,single-space
34.14943236,-118.1437889,389,Mon-Fri,1.25,1,7am-6pm,single-space
34.15060868,-118.1444107,390,Mon-Sat,1.25,2,7am-6pm,single-space
34.15055143,-118.1444099,391,Mon-Sat,1.25,2,7am-6pm,single-space
34.15078846,-118.1444182,392,Mon-Sat,1.25,2,7am-6pm,single-space
34.15101895,-118.144415,393,Mon-Sat,1.25,2,7am-6pm,single-space
34.15096587,-118.1444142,394,Mon-Sat,1.25,2,7am-6pm,single-space
34.15100208,-118.1445534,395,Mon-Sat,1.25,2,7am-6pm,single-space
34.15094186,-118.1445497,396,Mon-Sat,1.25,2,7am-6pm,single-space
34.15068276,-118.1445436,397,Mon-Sat,1.25,2,7am-6pm,single-space
34.15072629,-118.1445443,398,Mon-Sat,1.25,2,7am-6pm,single-space
34.150774,-118.1445451,399,Mon-Sat,1.25,2,7am-6pm,single-space
34.15085033,-118.144546,400,Mon-Sat,1.25,2,7am-6pm,single-space
34.14977986,-118.1428883,401,Mon-Fri,1.25,2,7am-6pm,single-space
34.14983771,-118.1428891,402,Mon-Fri,1.25,2,7am-6pm,single-space
34.14990092,-118.14289,403,Mon-Fri,1.25,2,7am-6pm,single-space
34.14996532,-118.1428894,404,Mon-Fri,1.25,2,7am-6pm,single-space
34.15024797,-118.1428963,405,Mon-Fri,1.25,2,7am-6pm,single-space
34.1503076,-118.1428957,406,Mon-Fri,1.25,2,7am-6pm,single-space
34.15071907,-118.1428949,407,Mon-Fri,1.25,2,7am-6pm,single-space
34.1508431,-118.142898,408,Mon-Fri,1.25,2,7am-6pm,single-space
34.15091496,-118.142896,409,Mon-Fri,1.25,2,7am-6pm,single-space
34.15098294,-118.1428997,410,Mon-Fri,1.25,2,7am-6pm,single-space
34.15106642,-118.1429041,411,Mon-Fri,1.25,2,7am-6pm,single-space
34.1509899,-118.143064,412,Mon-Fri,1.25,2,7am-6pm,single-space
34.15092371,-118.1430624,413,Mon-Fri,1.25,2,7am-6pm,single-space
34.15086438,-118.1430587,414,Mon-Fri,1.25,2,7am-6pm,single-space
34.14975134,-118.1430518,415,Mon-Fri,1.25,2,7am-6pm,single-space
34.14980501,-118.143054,416,Mon-Fri,1.25,2,7am-6pm,single-space
34.14986583,-118.143057,417,Mon-Fri,1.25,2,7am-6pm,single-space
34.14993262,-118.1430593,418,Mon-Fri,1.25,2,7am-6pm,single-space
34.1501136,-118.1430589,419,Mon-Fri,1.25,2,7am-6pm,single-space
34.15017264,-118.143059,420,Mon-Fri,1.25,2,7am-6pm,single-space
34.15034796,-118.1430614,421,Mon-Fri,1.25,2,7am-6pm,single-space
34.15041713,-118.1430637,422,Mon-Fri,1.25,2,7am-6pm,single-space
34.15052268,-118.1430639,423,Mon-Fri,1.25,2,7am-6pm,single-space
34.15060616,-118.1430647,424,Mon-Fri,1.25,2,7am-6pm,single-space
34.15067414,-118.1430649,425,Mon-Fri,1.25,2,7am-6pm,single-space
34.15073855,-118.1430628,426,Mon-Fri,1.25,2,7am-6pm,single-space
34.14782964,-118.1415946,427,Mon-Fri,1.25,0.25,6am-6pm,single-space
34.14788331,-118.141594,428,Mon-Fri,1.25,0.25,6am-6pm,single-space
34.1479498,-118.1415941,429,Mon-Fri,1.25,0.25,6am-6pm,single-space
34.14810247,-118.1415872,430,Mon-Fri,1.25,0.25,6am-6pm,single-space
34.14815375,-118.1415887,431,Mon-Fri,1.25,0.25,6am-6pm,single-space
34.14821934,-118.1415888,432,Mon-Fri,1.25,0.25,6am-6pm,single-space
34.14828583,-118.1415911,433,Mon-Fri,1.25,0.25,6am-6pm,single-space
34.14834845,-118.1415905,434,Mon-Fri,1.25,0.25,6am-6pm,single-space
34.14896979,-118.141361,435,Mon-Sat,1.25,2,9am-6pm,single-space
34.14891732,-118.1413587,436,Mon-Sat,1.25,2,9am-6pm,single-space
34.14883801,-118.1413564,437,Mon-Sat,1.25,2,9am-6pm,single-space
34.14878255,-118.141357,438,Mon-Sat,1.25,2,9am-6pm,single-space
34.14834127,-118.1413556,439,Mon-Sat,1.25,2,9am-6pm,single-space
34.14829416,-118.1413541,440,Mon-Sat,1.25,2,9am-6pm,single-space
34.14816804,-118.1413531,441,Mon-Sat,1.25,2,9am-6pm,single-space
34.14809767,-118.1413502,442,Mon-Sat,1.25,2,9am-6pm,single-space
34.14804222,-118.1413508,443,Mon-Sat,1.25,2,9am-6pm,single-space
34.14798556,-118.1413521,444,Mon-Sat,1.25,2,9am-6pm,single-space
34.14791639,-118.1413527,445,Mon-Sat,1.25,2,9am-6pm,single-space
34.1478502,-118.1413504,446,Mon-Sat,1.25,2,9am-6pm,single-space
34.14280036,-118.1414785,447,Mon-Sat,1.25,0.25,9am-4pm,single-space
34.14285641,-118.1414808,448,Mon-Sat,1.25,0.25,9am-4pm,single-space
34.14301861,-118.1414811,449,Mon-Sat,1.25,2,9am-4pm,single-space
34.14306989,-118.1414811,450,Mon-Sat,1.25,2,9am-4pm,single-space
34.14322285,-118.14148,451,Mon-Sat,1.25,2,9am-4pm,single-space
34.14327831,-118.1414822,452,Mon-Sat,1.25,2,9am-4pm,single-space
34.14334212,-118.1414809,453,Mon-Sat,1.25,2,9am-4pm,single-space
34.14989167,-118.1452152,454,Mon-Sat,1.25,2,7am-6pm,multi-space
34.14991548,-118.1450684,455,Mon-Sat,1.25,2,7am-6pm,multi-space
34.14247063,-118.1513579,456,Sun-Thurs/Fri-Sat,1.25,2,11am-8pm/11am-2am,single-space
34.14236001,-118.1530039,457,Sun-Thurs/Fri-Sat,1.25,2,11am-8pm/11am-2am,single-space
34.14371206,-118.1517393,458,Sun-Thurs/Fri-Sat,1.25,2,11am-8pm/11am-2am,single-space
34.14246989,-118.1519486,459,Sun-Thurs/Fri-Sat,1.25,2,11am-8pm/11am-2am,single-space
34.14360935,-118.1513823,460,Sun-Thurs/Fri-Sat,1.25,2,11am-8pm/11am-2am,single-space
34.14246373,-118.1530346,461,Sun-Thurs/Fri-Sat,1.25,2,11am-8pm/11am-2am,single-space
34.14360712,-118.1517273,462,Sun-Thurs/Fri-Sat,1.25,2,11am-8pm/11am-2am,single-space
34.14246334,-118.153343,463,Sun-Thurs/Fri-Sat,1.25,2,11am-8pm/11am-2am,single-space
34.14247263,-118.1507121,464,Sun-Thurs/Fri-Sat,1.25,2,11am-8pm/11am-2am,single-space
34.14371448,-118.1512373,465,Sun-Thurs/Fri-Sat,1.25,2,11am-8pm/11am-2am,single-space
34.1423634,-118.1517447,466,Sun-Thurs/Fri-Sat,1.25,2,11am-8pm/11am-2am,single-space
34.14358205,-118.1494501,467,Sun-Thurs/Fri-Sat,1.25,2,11am-8pm/11am-2am,single-space
34.14358335,-118.1493626,468,Sun-Thurs/Fri-Sat,1.25,2,11am-8pm/11am-2am,single-space
34.14348772,-118.1495389,469,Sun-Thurs/Fri-Sat,1.25,2,11am-8pm/11am-2am,single-space
34.14246593,-118.1527111,470,Sun-Thurs/Fri-Sat,1.25,2,11am-8pm/11am-2am,single-space
34.14348643,-118.1496199,471,Sun-Thurs/Fri-Sat,1.25,2,11am-8pm/11am-2am,single-space
34.14247312,-118.1507932,472,Sun-Thurs/Fri-Sat,1.25,2,11am-8pm/11am-2am,single-space
34.14236789,-118.151016,473,Sun-Thurs/Fri-Sat,1.25,2,11am-8pm/11am-2am,single-space
34.14348722,-118.1494629,474,Sun-Thurs/Fri-Sat,1.25,2,11am-8pm/11am-2am,single-space
34.14358404,-118.1492895,475,Sun-Thurs/Fri-Sat,1.25,2,11am-8pm/11am-2am,single-space
34.14236112,-118.1525966,476,Sun-Thurs/Fri-Sat,1.25,2,11am-8pm/11am-2am,single-space
34.14246206,-118.1538802,477,Sun-Thurs/Fri-Sat,1.25,2,11am-8pm/11am-2am,single-space
34.14235704,-118.1534654,478,Sun-Thurs/Fri-Sat,1.25,2,11am-8pm/11am-2am,single-space
34.14235862,-118.1531596,479,Sun-Thurs/Fri-Sat,1.25,2,11am-8pm/11am-2am,single-space
34.14235605,-118.1537796,480,Sun-Thurs/Fri-Sat,1.25,2,11am-8pm/11am-2am,single-space
34.14360645,-118.1517876,481,Sun-Thurs/Fri-Sat,1.25,2,11am-8pm/11am-2am,single-space
34.14371276,-118.1516561,482,Sun-Thurs/Fri-Sat,1.25,2,11am-8pm/11am-2am,single-space
34.14361377,-118.1507031,483,Sun-Thurs/Fri-Sat,1.25,2,11am-8pm/11am-2am,single-space
34.14348634,-118.1496967,484,Sun-Thurs/Fri-Sat,1.25,2,11am-8pm/11am-2am,single-space
34.14357883,-118.1501261,485,Sun-Thurs/Fri-Sat,1.25,2,11am-8pm/11am-2am,single-space
34.14370975,-118.1521553,486,Sun-Thurs/Fri-Sat,1.25,2,11am-8pm/11am-2am,single-space
34.14235891,-118.1529308,487,Sun-Thurs/Fri-Sat,1.25,2,11am-8pm/11am-2am,single-space
34.14246544,-118.153102,488,Sun-Thurs/Fri-Sat,1.25,2,11am-8pm/11am-2am,single-space
34.14348999,-118.1491487,489,Sun-Thurs/Fri-Sat,1.25,2,11am-8pm/11am-2am,single-space
34.14348474,-118.1500183,490,Sun-Thurs/Fri-Sat,1.25,2,11am-8pm/11am-2am,single-space
34.14236035,-118.1527393,491,Sun-Thurs/Fri-Sat,1.25,2,11am-8pm/11am-2am,single-space
34.14246633,-118.1528682,492,Sun-Thurs/Fri-Sat,1.25,2,11am-8pm/11am-2am,single-space
34.14360504,-118.1519611,493,Sun-Thurs/Fri-Sat,1.25,2,11am-8pm/11am-2am,single-space
34.14371438,-118.1513191,494,Sun-Thurs/Fri-Sat,1.25,2,11am-8pm/11am-2am,single-space
34.1423639,-118.1518185,495,Sun-Thurs/Fri-Sat,1.25,2,11am-8pm/11am-2am,single-space
34.14246235,-118.153655,496,Sun-Thurs/Fri-Sat,1.25,2,11am-8pm/11am-2am,single-space
34.14235931,-118.1530821,497,Sun-Thurs/Fri-Sat,1.25,2,11am-8pm/11am-2am,single-space
34.14348564,-118.1497738,498,Sun-Thurs/Fri-Sat,1.25,2,11am-8pm/11am-2am,single-space
34.14236702,-118.1512373,499,Sun-Thurs/Fri-Sat,1.25,2,11am-8pm/11am-2am,single-space
34.1423635,-118.1516644,500,Sun-Thurs/Fri-Sat,1.25,2,11am-8pm/11am-2am,single-space
34.14348921,-118.1492986,501,Sun-Thurs/Fri-Sat,1.25,2,11am-8pm/11am-2am,single-space
34.14358256,-118.1495197,502,Sun-Thurs/Fri-Sat,1.25,2,11am-8pm/11am-2am,single-space
34.14358021,-118.1499783,503,Sun-Thurs/Fri-Sat,1.25,2,11am-8pm/11am-2am,single-space
34.14236379,-118.1519071,504,Sun-Thurs/Fri-Sat,1.25,2,11am-8pm/11am-2am,single-space
34.14247032,-118.1520777,505,Sun-Thurs/Fri-Sat,1.25,2,11am-8pm/11am-2am,single-space
34.14361027,-118.1511173,506,Sun-Thurs/Fri-Sat,1.25,2,11am-8pm/11am-2am,single-space
34.14235734,-118.1536978,507,Sun-Thurs/Fri-Sat,1.25,2,11am-8pm/11am-2am,single-space
34.1423642,-118.1515804,508,Sun-Thurs/Fri-Sat,1.25,2,11am-8pm/11am-2am,single-space
34.14348485,-118.1499359,509,Sun-Thurs/Fri-Sat,1.25,2,11am-8pm/11am-2am,single-space
34.14236549,-118.1515066,510,Sun-Thurs/Fri-Sat,1.25,2,11am-8pm/11am-2am,single-space
34.1437161,-118.1513764,511,Sun-Thurs/Fri-Sat,1.25,2,11am-8pm/11am-2am,single-space
34.14246274,-118.1538192,512,Sun-Thurs/Fri-Sat,1.25,2,11am-8pm/11am-2am,single-space
34.14360855,-118.1515394,513,Sun-Thurs/Fri-Sat,1.25,2,11am-8pm/11am-2am,single-space
34.14348554,-118.1498541,514,Sun-Thurs/Fri-Sat,1.25,2,11am-8pm/11am-2am,single-space
34.1423636,-118.1520599,515,Sun-Thurs/Fri-Sat,1.25,2,11am-8pm/11am-2am,single-space
34.14360495,-118.1520379,516,Sun-Thurs/Fri-Sat,1.25,2,11am-8pm/11am-2am,single-space
34.14246643,-118.1527908,517,Sun-Thurs/Fri-Sat,1.25,2,11am-8pm/11am-2am,single-space
34.14246414,-118.1531852,518,Sun-Thurs/Fri-Sat,1.25,2,11am-8pm/11am-2am,single-space
34.14357831,-118.1500608,519,Sun-Thurs/Fri-Sat,1.25,2,11am-8pm/11am-2am,single-space
34.14236645,-118.1507356,520,Sun-Thurs/Fri-Sat,1.25,2,11am-8pm/11am-2am,single-space
34.14247156,-118.1510843,521,Sun-Thurs/Fri-Sat,1.25,2,11am-8pm/11am-2am,single-space
34.14246365,-118.1535711,522,Sun-Thurs/Fri-Sat,1.25,2,11am-8pm/11am-2am,single-space
34.14371126,-118.1519021,523,Sun-Thurs/Fri-Sat,1.25,2,11am-8pm/11am-2am,single-space
34.14235754,-118.1535407,524,Sun-Thurs/Fri-Sat,1.25,2,11am-8pm/11am-2am,single-space
34.14246324,-118.1534248,525,Sun-Thurs/Fri-Sat,1.25,2,11am-8pm/11am-2am,single-space
34.14246904,-118.1516714,526,Sun-Thurs/Fri-Sat,1.25,2,11am-8pm/11am-2am,single-space
34.14348852,-118.1493768,527,Sun-Thurs/Fri-Sat,1.25,2,11am-8pm/11am-2am,single-space
34.14828057,-118.1562119,528,Sun-Sat,0.75,10,6am-2am,single-space
34.14616519,-118.1560455,529,Sun-Sat,1.25,1,6am-2am,single-space
34.14866151,-118.1562965,530,Sun-Sat,0.75,10,6am-2am,single-space
34.14585666,-118.1565036,531,Sun-Sat,1.25,1,6am-2am,multi-space
34.14781896,-118.1561096,532,Sun-Sat,0.75,10,6am-2am,single-space
34.148034,-118.1561548,533,Sun-Sat,0.75,10,6am-2am,single-space
34.14853239,-118.1562655,534,Sun-Sat,0.75,10,6am-2am,single-space
34.14723678,-118.1560547,535,Sun-Sat,0.75,10,6am-2am,single-space
34.14911602,-118.1563982,536,Sun-Sat,0.75,10,6am-2am,single-space
34.14814846,-118.1561823,537,Sun-Sat,0.75,10,6am-2am,single-space
34.14623735,-118.1560464,538,Sun-Sat,1.25,1,6am-2am,single-space
34.14884131,-118.156337,539,Sun-Sat,0.75,10,6am-2am,single-space
34.14859736,-118.1562821,540,Sun-Sat,0.75,10,6am-2am,single-space
34.14683999,-118.1560511,541,Sun-Sat,0.75,10,6am-2am,single-space
34.14789587,-118.1561262,542,Sun-Sat,0.75,10,6am-2am,single-space
34.14796085,-118.1561399,543,Sun-Sat,0.75,10,6am-2am,single-space
34.14704894,-118.1560543,544,Sun-Sat,0.75,10,6am-2am,single-space
34.14925409,-118.1564264,545,Sun-Sat,0.75,10,6am-2am,single-space
34.14584189,-118.1573144,546,Sun-Sat,1.25,1,6am-2am,multi-space
34.14809123,-118.1561685,547,Sun-Sat,0.75,10,6am-2am,single-space
34.14931907,-118.1564409,548,Sun-Sat,0.75,10,6am-2am,single-space
34.14610258,-118.1560447,549,Sun-Sat,1.25,1,6am-2am,single-space
34.1477662,-118.1560994,550,Sun-Sat,0.75,10,6am-2am,single-space
34.1471694,-118.1560545,551,Sun-Sat,0.75,10,6am-2am,single-space
34.14938644,-118.1564561,552,Sun-Sat,0.75,10,6am-2am,single-space
34.14834245,-118.1562257,553,Sun-Sat,0.75,10,6am-2am,single-space
34.1471044,-118.1560544,554,Sun-Sat,0.75,10,6am-2am,single-space
34.14821857,-118.1561953,555,Sun-Sat,0.75,10,6am-2am,single-space
34.14847396,-118.1562532,556,Sun-Sat,0.75,10,6am-2am,single-space
34.14898367,-118.1563685,557,Sun-Sat,0.75,10,6am-2am,single-space
34.14745258,-118.1560623,558,Sun-Sat,0.75,10,6am-2am,single-space
34.14918517,-118.1564134,559,Sun-Sat,0.75,10,6am-2am,single-space
34.14904686,-118.156383,560,Sun-Sat,0.75,10,6am-2am,single-space
34.14757482,-118.1560718,561,Sun-Sat,0.75,10,6am-2am,single-space
34.14840922,-118.1562401,562,Sun-Sat,0.75,10,6am-2am,single-space
34.14872577,-118.1563117,563,Sun-Sat,0.75,10,6am-2am,single-space
34.14878241,-118.1563212,564,Sun-Sat,0.75,10,6am-2am,single-space
34.1477042,-118.1560878,565,Sun-Sat,0.75,10,6am-2am,single-space
34.14763742,-118.1560798,566,Sun-Sat,0.75,10,6am-2am,single-space
34.14751042,-118.1560659,567,Sun-Sat,0.75,10,6am-2am,single-space
34.14891583,-118.1563544,568,Sun-Sat,0.75,10,6am-2am,single-space
34.14588007,-118.1494205,569,Sun-Thurs/Fri-Sat,1.25,2,11am-8pm/11am-2am,single-space
34.14587978,-118.1496572,570,Sun-Thurs/Fri-Sat,1.25,2,11am-8pm/11am-2am,single-space
34.14587059,-118.1512857,571,Sun-Thurs/Fri-Sat,1.25,2,11am-8pm/11am-2am,single-space
34.14586567,-118.1518824,572,Sun-Thurs/Fri-Sat,1.25,2,11am-8pm/11am-2am,single-space
34.14586235,-118.1535654,573,Sun-Thurs/Fri-Sat,1.25,2,11am-8pm/11am-2am,single-space
34.14588436,-118.1545466,574,Sun-Thurs/Fri-Sat,1.25,2,11am-8pm/11am-2am,single-space
34.14588542,-118.1555769,575,Sun-Thurs/Fri-Sat,1.25,2,11am-8pm/11am-2am,multi-space
34.14562914,-118.1556087,576,Sun-Thurs/Fri-Sat,1.25,2,11am-8pm/11am-2am,multi-space
34.14563073,-118.1543657,577,Sun-Thurs/Fri-Sat,1.25,2,11am-8pm/11am-2am,multi-space
34.14566253,-118.1532813,578,Sun-Thurs/Fri-Sat,1.25,2,11am-8pm/11am-2am,single-space
34.14566743,-118.1527086,579,Sun-Thurs/Fri-Sat,1.25,2,11am-8pm/11am-2am,single-space
34.14566941,-118.1525544,580,Sun-Thurs/Fri-Sat,1.25,2,11am-8pm/11am-2am,single-space
34.1456743,-118.151508,581,Sun-Thurs/Fri-Sat,1.25,2,11am-8pm/11am-2am,single-space
34.14567319,-118.1509708,582,Sun-Thurs/Fri-Sat,1.25,2,11am-8pm/11am-2am,single-space
34.14568305,-118.1497515,583,Sun-Thurs/Fri-Sat,1.25,2,11am-8pm/11am-2am,single-space
34.14568711,-118.1493642,584,Sun-Thurs/Fri-Sat,1.25,2,11am-8pm/11am-2am,single-space
34.14570107,-118.1481932,585,Sun-Thurs/Fri-Sat,1.25,2,11am-8pm/11am-2am,single-space
34.14445608,-118.148258,586,Sun-Thurs/Fri-Sat,1.25,2,11am-8pm/11am-2am,single-space
34.1444571,-118.1484014,587,Sun-Thurs/Fri-Sat,1.25,2,11am-8pm/11am-2am,single-space
34.1444564,-118.1484868,588,Sun-Thurs/Fri-Sat,1.25,2,11am-8pm/11am-2am,single-space
34.14445746,-118.1485929,589,Sun-Thurs/Fri-Sat,1.25,2,11am-8pm/11am-2am,single-space
34.14445618,-118.1486682,590,Sun-Thurs/Fri-Sat,1.25,2,11am-8pm/11am-2am,single-space
34.14459971,-118.1483264,591,Sun-Thurs/Fri-Sat,1.25,0.25,11am-8pm/11am-2am,single-space
34.14459901,-118.1484139,592,Sun-Thurs/Fri-Sat,1.25,2,11am-8pm/11am-2am,single-space
34.14459883,-118.1485624,593,Sun-Thurs/Fri-Sat,1.25,2,11am-8pm/11am-2am,single-space
34.14459992,-118.1486405,594,Sun-Thurs/Fri-Sat,1.25,2,11am-8pm/11am-2am,single-space
34.14444596,-118.1501755,595,Sun-Thurs/Fri-Sat,1.25,2,11am-8pm/11am-2am,single-space
34.14444664,-118.1501123,596,Sun-Thurs/Fri-Sat,1.25,0.25,11am-8pm/11am-2am,single-space
34.14444829,-118.1497419,597,Sun-Thurs/Fri-Sat,1.25,2,11am-8pm/11am-2am,single-space
34.14444898,-118.1496709,598,Sun-Thurs/Fri-Sat,1.25,2,11am-8pm/11am-2am,single-space
34.14445283,-118.1494446,599,Sun-Thurs/Fri-Sat,1.25,2,11am-8pm/11am-2am,single-space
34.14445299,-118.1493206,600,Sun-Thurs/Fri-Sat,1.25,2,11am-8pm/11am-2am,single-space
34.14458593,-118.150747,601,Sun-Thurs/Fri-Sat,1.25,2,11am-8pm/11am-2am,single-space
34.14458582,-118.1508287,602,Sun-Thurs/Fri-Sat,1.25,2,11am-8pm/11am-2am,single-space
34.14458572,-118.1509127,603,Sun-Thurs/Fri-Sat,1.25,2,11am-8pm/11am-2am,single-space
34.14458227,-118.1512878,604,Sun-Thurs/Fri-Sat,1.25,2,11am-8pm/11am-2am,single-space
34.14458216,-118.151376,605,Sun-Thurs/Fri-Sat,1.25,2,11am-8pm/11am-2am,single-space
34.14458129,-118.1515911,606,Sun-Thurs/Fri-Sat,1.25,2,11am-8pm/11am-2am,single-space
34.14458179,-118.1516707,607,Sun-Thurs/Fri-Sat,1.25,2,11am-8pm/11am-2am,single-space
34.14458108,-118.1517604,608,Sun-Thurs/Fri-Sat,1.25,2,11am-8pm/11am-2am,single-space
34.14443452,-118.1521238,609,Mon-Sat,1.25,0.25,11am-8pm/11am-2am,single-space
34.14443581,-118.1520492,610,Mon-Sat,1.25,0.25,11am-8pm/11am-2am,single-space
34.14443726,-118.1518412,611,Sun-Thurs/Fri-Sat,1.25,2,11am-8pm/11am-2am,single-space
34.14443737,-118.1517565,612,Sun-Thurs/Fri-Sat,1.25,2,11am-8pm/11am-2am,single-space
34.14443985,-118.1516823,613,Sun-Thurs/Fri-Sat,1.25,0.25,11am-8pm/11am-2am,single-space
34.14443994,-118.1516113,614,Sun-Thurs/Fri-Sat,1.25,2,11am-8pm/11am-2am,single-space
34.14444063,-118.1515346,615,Sun-Thurs/Fri-Sat,1.25,2,11am-8pm/11am-2am,single-space
34.14444132,-118.1514586,616,Sun-Thurs/Fri-Sat,1.25,2,11am-8pm/11am-2am,single-space
34.14444142,-118.1513832,617,Sun-Thurs/Fri-Sat,1.25,2,11am-8pm/11am-2am,single-space
34.14444211,-118.1513065,618,Sun-Thurs/Fri-Sat,1.25,2,11am-8pm/11am-2am,single-space
34.14444274,-118.150798,619,Sun-Thurs/Fri-Sat,1.25,2,11am-8pm/11am-2am,single-space
34.14444204,-118.1508855,620,Sun-Thurs/Fri-Sat,1.25,2,11am-8pm/11am-2am,single-space
34.14457451,-118.1527193,621,Sun-Thurs/Fri-Sat,1.25,2,11am-8pm/11am-2am,single-space
34.14457439,-118.1528075,622,Sun-Thurs/Fri-Sat,1.25,2,11am-8pm/11am-2am,single-space
34.14457486,-118.1529101,623,Sun-Thurs/Fri-Sat,1.25,2,11am-8pm/11am-2am,single-space
34.14457415,-118.1530048,624,Sun-Thurs/Fri-Sat,1.25,0.25,11am-8pm/11am-2am,single-space
34.14457347,-118.1530711,625,Sun-Thurs/Fri-Sat,1.25,0.25,11am-8pm/11am-2am,single-space
34.14457268,-118.1532203,626,Sun-Thurs/Fri-Sat,1.25,2,11am-8pm/11am-2am,single-space
34.14457137,-118.1533128,627,Sun-Thurs/Fri-Sat,1.25,2,11am-8pm/11am-2am,single-space
34.14457126,-118.1533967,628,Sun-Thurs/Fri-Sat,1.25,2,11am-8pm/11am-2am,single-space
34.14456949,-118.1538525,629,Sun-Thurs/Fri-Sat,1.25,2,11am-8pm/11am-2am,single-space
34.14457079,-118.1537707,630,Sun-Thurs/Fri-Sat,1.25,2,11am-8pm/11am-2am,single-space
34.14457265,-118.1537098,631,Sun-Thurs/Fri-Sat,1.25,2,11am-8pm/11am-2am,single-space
34.14457119,-118.1534584,632,Sun-Thurs/Fri-Sat,1.25,2,11am-8pm/11am-2am,single-space
34.14442657,-118.1536952,633,Sun-Thurs/Fri-Sat,1.25,2,11am-8pm/11am-2am,single-space
34.14442725,-118.1536292,634,Sun-Thurs/Fri-Sat,1.25,2,11am-8pm/11am-2am,single-space
34.14442855,-118.1535456,635,Sun-Thurs/Fri-Sat,1.25,2,11am-8pm/11am-2am,single-space
34.14442805,-118.1534682,636,Sun-Thurs/Fri-Sat,1.25,2,11am-8pm/11am-2am,single-space
34.14442994,-118.1533893,637,Sun-Thurs/Fri-Sat,1.25,2,11am-8pm/11am-2am,single-space
34.14442771,-118.1532677,638,Sun-Thurs/Fri-Sat,1.25,2,11am-8pm/11am-2am,single-space
34.14443047,-118.1529776,639,Sun-Thurs/Fri-Sat,1.25,2,11am-8pm/11am-2am,single-space
34.14443057,-118.1528937,640,Sun-Thurs/Fri-Sat,1.25,2,11am-8pm/11am-2am,single-space
34.14443246,-118.1528137,641,Sun-Thurs/Fri-Sat,1.25,2,11am-8pm/11am-2am,single-space
34.14443374,-118.1527449,642,Sun-Thurs/Fri-Sat,1.25,2,11am-8pm/11am-2am,single-space
34.14443264,-118.1526739,643,Sun-Thurs/Fri-Sat,1.25,2,11am-8pm/11am-2am,single-space
34.14443332,-118.1526029,644,Sun-Thurs/Fri-Sat,1.25,2,11am-8pm/11am-2am,single-space
34.144434,-118.1525405,645,Sun-Thurs/Fri-Sat,1.25,2,11am-8pm/11am-2am,single-space
34.14460074,-118.15446,646,Sun-Thurs/Fri-Sat,1.25,4,11am-8pm/11am-2am,single-space
34.14460899,-118.1545375,647,Sun-Thurs/Fri-Sat,1.25,4,11am-8pm/11am-2am,single-space
34.14461545,-118.1546164,648,Sun-Thurs/Fri-Sat,1.25,4,11am-8pm/11am-2am,single-space
34.1446231,-118.154696,649,Sun-Thurs/Fri-Sat,1.25,4,11am-8pm/11am-2am,single-space
34.14462956,-118.1547757,650,Sun-Thurs/Fri-Sat,1.25,4,11am-8pm/11am-2am,single-space
34.14463781,-118.1548521,651,Sun-Thurs/Fri-Sat,1.25,4,11am-8pm/11am-2am,single-space
34.14464426,-118.1549324,652,Sun-Thurs/Fri-Sat,1.25,4,11am-8pm/11am-2am,single-space
34.14465132,-118.1550113,653,Sun-Thurs/Fri-Sat,1.25,4,11am-8pm/11am-2am,single-space
34.14465838,-118.1550881,654,Sun-Thurs/Fri-Sat,1.25,4,11am-8pm/11am-2am,single-space
34.14466662,-118.155167,655,Sun-Thurs/Fri-Sat,1.25,4,11am-8pm/11am-2am,single-space
34.14467308,-118.155248,656,Sun-Thurs/Fri-Sat,1.25,4,11am-8pm/11am-2am,single-space
34.14467953,-118.1553298,657,Sun-Thurs/Fri-Sat,1.25,4,11am-8pm/11am-2am,single-space
34.14831766,-118.1449264,658,Mon-Sat,1.25,2,7am-5pm,single-space
34.14831498,-118.1451709,659,Mon-Sat,1.25,2,7am-5pm,single-space
34.14831609,-118.1452369,660,Mon-Sat,1.25,2,7am-5pm,single-space
34.1483154,-118.1453166,661,Mon-Sat,1.25,2,7am-5pm,single-space
34.1483141,-118.1454048,662,Mon-Sat,1.25,2,7am-5pm,single-space
34.14831401,-118.1454801,663,Mon-Sat,1.25,2,7am-5pm,single-space
34.14843876,-118.1448882,664,Mon-Sat,1.25,2,7am-5pm,single-space
34.14843945,-118.1448115,665,Mon-Sat,1.25,2,7am-5pm,single-space
34.14844074,-118.1447319,666,Mon-Sat,1.25,2,7am-5pm,single-space
34.14266995,-118.1475806,667,Mon-Sat,1.25,2,9am-6pm,single-space
34.14272958,-118.1475829,668,Mon-Sat,1.25,2,9am-6pm,single-space
34.14278324,-118.1475837,669,Mon-Sat,1.25,2,9am-6pm,single-space
34.14285003,-118.1475852,670,Mon-Sat,1.25,2,9am-6pm,single-space
34.14292695,-118.1475904,671,Mon-Sat,1.25,2,9am-6pm,single-space
34.14312314,-118.14759,672,Mon-Sat,1.25,2,9am-6pm,single-space
34.14317741,-118.1475894,673,Mon-Sat,1.25,2,9am-6pm,single-space
34.14341802,-118.1475913,674,Mon-Sat,1.25,2,9am-6pm,single-space
34.1434866,-118.1475928,675,Mon-Sat,1.25,2,9am-6pm,single-space
34.14359394,-118.1475952,676,Mon-Sat,1.25,2,9am-6pm,single-space
34.14364015,-118.147596,677,Mon-Sat,1.25,2,9am-6pm,single-space
34.14370515,-118.1475982,678,Mon-Sat,1.25,2,9am-6pm,single-space
34.14310828,-118.1473114,679,Mon-Sat,1.25,2,9am-4pm,single-space
34.14332265,-118.1473125,680,Mon-Sat,1.25,2,9am-4pm,single-space
34.14325765,-118.1473131,681,Mon-Sat,1.25,2,9am-4pm,single-space
34.14316761,-118.1473122,682,Mon-Sat,1.25,2,9am-4pm,single-space
34.14283039,-118.1473123,683,Mon-Sat,1.25,2,9am-4pm,single-space
34.142763,-118.1473122,684,Mon-Sat,1.25,2,9am-4pm,single-space
34.14270099,-118.1473107,685,Mon-Sat,1.25,2,9am-4pm,single-space
34.14262645,-118.1473084,686,Mon-Sat,1.25,2,9am-4pm,single-space
34.14255966,-118.1473054,687,Mon-Sat,1.25,2,9am-4pm,single-space
34.14603826,-118.1521829,688,Sun-Thurs/Fri-Sat,1.25,0.25,11am-8pm/11am-2am,single-space
34.14610266,-118.1521831,689,Sun-Thurs/Fri-Sat,1.25,2,11am-8pm/11am-2am,single-space
34.14615275,-118.1521832,690,Sun-Thurs/Fri-Sat,1.25,2,11am-8pm/11am-2am,single-space
34.14661609,-118.1521876,691,Sun-Thurs/Fri-Sat,1.25,2,11am-8pm/11am-2am,single-space
34.14598635,-118.15409,692,Sun-Thurs/Fri-Sat,1.25,2,11am-8pm/11am-2am,single-space
34.14604836,-118.1540929,693,Sun-Thurs/Fri-Sat,1.25,2,11am-8pm/11am-2am,single-space
34.14611336,-118.1540945,694,Sun-Thurs/Fri-Sat,1.25,2,11am-8pm/11am-2am,single-space
34.14617537,-118.154096,695,Sun-Thurs/Fri-Sat,1.25,2,11am-8pm/11am-2am,single-space
34.14634771,-118.1540956,696,Sun-Thurs/Fri-Sat,1.25,2,11am-8pm/11am-2am,single-space
34.14639959,-118.1540957,697,Sun-Thurs/Fri-Sat,1.25,2,11am-8pm/11am-2am,single-space
34.14516044,-118.1540841,698,Sun-Thurs/Fri-Sat,1.25,2,11am-8pm/11am-2am,single-space
34.14510618,-118.1540833,699,Sun-Thurs/Fri-Sat,1.25,2,11am-8pm/11am-2am,single-space
34.14482263,-118.1540799,700,Sun-Thurs/Fri-Sat,1.25,2,11am-8pm/11am-2am,single-space
34.14476121,-118.1540798,701,Sun-Thurs/Fri-Sat,1.25,2,11am-8pm/11am-2am,single-space
34.14470038,-118.1540776,702,Sun-Thurs/Fri-Sat,1.25,2,11am-8pm/11am-2am,single-space
34.14406232,-118.1540749,703,Sun-Thurs/Fri-Sat,1.25,2,11am-8pm/11am-2am,single-space
34.1434496,-118.1540688,704,Sun-Thurs/Fri-Sat,1.25,2,11am-8pm/11am-2am,single-space
34.14339951,-118.1540687,705,Sun-Thurs/Fri-Sat,1.25,2,11am-8pm/11am-2am,single-space
34.14333212,-118.1540671,706,Sun-Thurs/Fri-Sat,1.25,2,11am-8pm/11am-2am,single-space
34.1432707,-118.1540677,707,Sun-Thurs/Fri-Sat,1.25,2,11am-8pm/11am-2am,single-space
34.14320272,-118.1540662,708,Sun-Thurs/Fri-Sat,1.25,2,11am-8pm/11am-2am,single-space
34.14258046,-118.15406,709,Sun-Thurs/Fri-Sat,1.25,2,11am-8pm/11am-2am,single-space
34.14264844,-118.1540623,710,Sun-Thurs/Fri-Sat,1.25,2,11am-8pm/11am-2am,single-space
34.14271821,-118.1540624,711,Sun-Thurs/Fri-Sat,1.25,2,11am-8pm/11am-2am,single-space
34.14276592,-118.1540647,712,Sun-Thurs/Fri-Sat,1.25,2,11am-8pm/11am-2am,single-space
34.14294094,-118.1540643,713,Sun-Thurs/Fri-Sat,1.25,2,11am-8pm/11am-2am,single-space
34.14300415,-118.1540644,714,Sun-Thurs/Fri-Sat,1.25,2,11am-8pm/11am-2am,single-space
34.14307332,-118.1540652,715,Sun-Thurs/Fri-Sat,1.25,2,11am-8pm/11am-2am,single-space
34.14141674,-118.1540514,716,Mon-Sat,1.25,2,11am-8pm/11am-2am,single-space
34.1414725,-118.1540501,717,Mon-Sat,1.25,2,11am-8pm/11am-2am,single-space
34.1415548,-118.1540495,718,Mon-Sat,1.25,2,11am-8pm/11am-2am,single-space
34.14162755,-118.1540504,719,Mon-Sat,1.25,2,11am-8pm/11am-2am,single-space
34.14176201,-118.1540535,720,Mon-Sat,1.25,2,11am-8pm/11am-2am,single-space
34.14181628,-118.1540536,721,Mon-Sat,1.25,2,11am-8pm/11am-2am,single-space
34.14187114,-118.1540558,722,Mon-Sat,1.25,2,11am-8pm/11am-2am,single-space
34.14193346,-118.1540552,723,Mon-Sat,1.25,2,11am-8pm/11am-2am,single-space
34.14200442,-118.1540546,724,Mon-Sat,1.25,2,11am-8pm/11am-2am,single-space
34.14218868,-118.1540564,725,Mon-Sat,1.25,2,11am-8pm/11am-2am,single-space
34.14212726,-118.1540556,726,Mon-Sat,1.25,2,11am-8pm/11am-2am,single-space
34.14961951,-118.1467121,727,Sun-Thurs/Fri-Sat,1.25,2,11am-8pm/11am-2am,single-space
34.14961941,-118.1467918,728,Sun-Thurs/Fri-Sat,1.25,2,11am-8pm/11am-2am,single-space
34.14961931,-118.1468714,729,Sun-Thurs/Fri-Sat,1.25,2,11am-8pm/11am-2am,single-space
34.14961862,-118.1469503,730,Sun-Thurs/Fri-Sat,1.25,2,11am-8pm/11am-2am,single-space
34.14961675,-118.1470155,731,Sun-Thurs/Fri-Sat,1.25,0.25,11am-8pm/11am-2am,single-space
34.14961518,-118.1473304,732,Sun-Thurs/Fri-Sat,1.25,2,11am-8pm/11am-2am,single-space
34.14961449,-118.1474057,733,Sun-Thurs/Fri-Sat,1.25,2,11am-8pm/11am-2am,single-space
34.14961439,-118.1474897,734,Sun-Thurs/Fri-Sat,1.25,2,11am-8pm/11am-2am,single-space
34.14941598,-118.1497781,735,Sun-Thurs/Fri-Sat,1.25,2,11am-8pm/11am-2am,single-space
34.14941684,-118.1495636,736,Sun-Thurs/Fri-Sat,1.25,2,11am-8pm/11am-2am,single-space
34.14941692,-118.1495005,737,Sun-Thurs/Fri-Sat,1.25,2,11am-8pm/11am-2am,single-space
34.14683946,-118.1479376,738,Sun-Thurs/Fri-Sat,1.25,2,11am-8pm/11am-2am,single-space
34.14683995,-118.1480201,739,Sun-Thurs/Fri-Sat,1.25,2,11am-8pm/11am-2am,single-space
34.14683856,-118.1481821,740,Sun-Thurs/Fri-Sat,1.25,2,11am-8pm/11am-2am,single-space
34.14683668,-118.1482582,741,Sun-Thurs/Fri-Sat,1.25,2,11am-8pm/11am-2am,single-space
34.1468366,-118.1483249,742,Sun-Thurs/Fri-Sat,1.25,2,11am-8pm/11am-2am,single-space
34.14683639,-118.148497,743,Sun-Thurs/Fri-Sat,1.25,2,11am-8pm/11am-2am,single-space
34.14683569,-118.1485781,744,Sun-Thurs/Fri-Sat,1.25,2,11am-8pm/11am-2am,single-space
34.14683559,-118.1486562,745,Sun-Thurs/Fri-Sat,1.25,2,11am-8pm/11am-2am,single-space
34.14683082,-118.1491418,746,Sun-Thurs/Fri-Sat,1.25,2,11am-8pm/11am-2am,single-space
34.14683073,-118.149215,747,Sun-Thurs/Fri-Sat,1.25,2,11am-8pm/11am-2am,single-space
34.14683123,-118.1492924,748,Sun-Thurs/Fri-Sat,1.25,2,11am-8pm/11am-2am,single-space
34.14683122,-118.1493025,749,Sun-Thurs/Fri-Sat,1.25,2,11am-8pm/11am-2am,single-space
34.14682915,-118.1495269,750,Sun-Thurs/Fri-Sat,1.25,2,11am-8pm/11am-2am,single-space
34.14682785,-118.1496144,751,Sun-Thurs/Fri-Sat,1.25,2,11am-8pm/11am-2am,single-space
34.14682867,-118.1499178,752,Sun-Thurs/Fri-Sat,1.25,2,11am-8pm/11am-2am,single-space
34.14682696,-118.149849,753,Sun-Thurs/Fri-Sat,1.25,2,11am-8pm/11am-2am,single-space
34.14682767,-118.1497651,754,Sun-Thurs/Fri-Sat,1.25,2,11am-8pm/11am-2am,single-space
34.14682776,-118.1496898,755,Sun-Thurs/Fri-Sat,1.25,2,11am-8pm/11am-2am,single-space
34.14682182,-118.1501534,756,Sun-Thurs/Fri-Sat,1.25,0.25,11am-8pm/11am-2am,single-space
34.14664905,-118.154004,757,Sun-Thurs/Fri-Sat,1.25,2,11am-8pm/11am-2am,single-space
34.14664912,-118.1539452,758,Sun-Thurs/Fri-Sat,1.25,2,11am-8pm/11am-2am,single-space
34.14665204,-118.153527,759,Sun-Thurs/Fri-Sat,1.25,2,11am-8pm/11am-2am,single-space
34.14665154,-118.1534539,760,Sun-Thurs/Fri-Sat,1.25,2,11am-8pm/11am-2am,single-space
34.14665163,-118.1533807,761,Sun-Thurs/Fri-Sat,1.25,2,11am-8pm/11am-2am,single-space
34.1466529,-118.1533183,762,Sun-Thurs/Fri-Sat,1.25,2,11am-8pm/11am-2am,single-space
34.1466524,-118.1532433,763,Sun-Thurs/Fri-Sat,1.25,2,11am-8pm/11am-2am,single-space
34.1466525,-118.1531666,764,Sun-Thurs/Fri-Sat,1.25,2,11am-8pm/11am-2am,single-space
34.14665499,-118.1530848,765,Sun-Thurs/Fri-Sat,1.25,2,11am-8pm/11am-2am,single-space
34.14665568,-118.1530038,766,Sun-Thurs/Fri-Sat,1.25,2,11am-8pm/11am-2am,single-space
34.14665519,-118.1529256,767,Sun-Thurs/Fri-Sat,1.25,2,11am-8pm/11am-2am,single-space
34.14665707,-118.1528474,768,Sun-Thurs/Fri-Sat,1.25,2,11am-8pm/11am-2am,single-space
34.14665599,-118.1527646,769,Sun-Thurs/Fri-Sat,1.25,2,11am-8pm/11am-2am,single-space
34.14665726,-118.1526979,770,Sun-Thurs/Fri-Sat,1.25,2,11am-8pm/11am-2am,single-space
34.14665797,-118.1526097,771,Sun-Thurs/Fri-Sat,1.25,2,11am-8pm/11am-2am,single-space
34.14665987,-118.1525222,772,Sun-Thurs/Fri-Sat,1.25,2,11am-8pm/11am-2am,single-space
34.14675943,-118.1543276,773,Sun-Thurs/Fri-Sat,1.25,2,11am-8pm/11am-2am,single-space
34.14675635,-118.1544051,774,Sun-Thurs/Fri-Sat,1.25,2,11am-8pm/11am-2am,single-space
34.14675207,-118.1544854,775,Sun-Thurs/Fri-Sat,1.25,2,11am-8pm/11am-2am,single-space
34.14674839,-118.1545672,776,Sun-Thurs/Fri-Sat,1.25,2,11am-8pm/11am-2am,single-space
34.14674531,-118.1546468,777,Sun-Thurs/Fri-Sat,1.25,2,11am-8pm/11am-2am,single-space
34.14674282,-118.1547253,778,Sun-Thurs/Fri-Sat,1.25,2,11am-8pm/11am-2am,single-space
34.14674153,-118.1548042,779,Sun-Thurs/Fri-Sat,1.25,2,11am-8pm/11am-2am,single-space
34.14673904,-118.1548824,780,Sun-Thurs/Fri-Sat,1.25,2,11am-8pm/11am-2am,single-space
34.14673656,-118.1549627,781,Sun-Thurs/Fri-Sat,1.25,2,11am-8pm/11am-2am,single-space
34.14673347,-118.155043,782,Sun-Thurs/Fri-Sat,1.25,2,11am-8pm/11am-2am,single-space
34.14673159,-118.1551187,783,Sun-Thurs/Fri-Sat,1.25,2,11am-8pm/11am-2am,single-space
34.1467291,-118.155199,784,Sun-Thurs/Fri-Sat,1.25,2,11am-8pm/11am-2am,single-space
34.1467272,-118.1552794,785,Sun-Thurs/Fri-Sat,1.25,2,11am-8pm/11am-2am,single-space
34.14672412,-118.1553575,786,Sun-Thurs/Fri-Sat,1.25,2,11am-8pm/11am-2am,single-space
34.14672223,-118.1554379,787,Sun-Thurs/Fri-Sat,1.25,2,11am-8pm/11am-2am,single-space
34.14672034,-118.1555153,788,Sun-Thurs/Fri-Sat,1.25,2,11am-8pm/11am-2am,single-space
34.14671845,-118.1555928,789,Sun-Thurs/Fri-Sat,1.25,2,11am-8pm/11am-2am,single-space
34.14671656,-118.1556745,790,Sun-Thurs/Fri-Sat,1.25,2,11am-8pm/11am-2am,single-space
34.14671348,-118.1557506,791,Sun-Thurs/Fri-Sat,1.25,2,11am-8pm/11am-2am,single-space
34.14262377,-118.1428076,792,Sun-Thurs/Fri-Sat,1.25,2,11am-8pm/11am-2am,single-space
34.14888594,-118.144194,793,Mon-Sat,1.25,1,7am-5pm,multi-space
34.14831914,-118.1446836,794,Mon-Sat,1.25,2,7am-5pm,single-space
34.14097503,-118.1522734,795,Mon-Sat,1.25,2,7am-5pm,single-space
34.14671161,-118.1558165,796,Sun-Thurs/Fri-Sat,1.25,2,11am-8pm/11am-2am,single-space
34.14048216,-118.1501135,797,Sun-Thurs/Fri-Sat,1.25,0.25,11am-8pm/11am-2am,single-space
34.14048345,-118.1500346,798,Sun-Thurs/Fri-Sat,1.25,2,11am-8pm/11am-2am,single-space
34.14048476,-118.1499471,799,Sun-Thurs/Fri-Sat,1.25,2,11am-8pm/11am-2am,single-space
34.14048545,-118.1498696,800,Sun-Thurs/Fri-Sat,1.25,2,11am-8pm/11am-2am,single-space
34.14048554,-118.1497958,801,Sun-Thurs/Fri-Sat,1.25,2,11am-8pm/11am-2am,single-space
34.14048681,-118.1497362,802,Sun-Thurs/Fri-Sat,1.25,2,11am-8pm/11am-2am,single-space
34.14085894,-118.1507707,803,Mon-Sat,1.25,2,11am-8pm/11am-2am,single-space
34.14086065,-118.1508339,804,Mon-Sat,1.25,2,11am-8pm/11am-2am,single-space
34.14085857,-118.1510644,805,Mon-Sat,1.25,2,11am-8pm/11am-2am,single-space
34.14085788,-118.1511404,806,Mon-Sat,1.25,2,11am-8pm/11am-2am,single-space
34.14085719,-118.1512193,807,Mon-Sat,1.25,2,11am-8pm/11am-2am,single-space
34.14085828,-118.1512989,808,Mon-Sat,1.25,2,11am-8pm/11am-2am,single-space
34.14085699,-118.1513793,809,Mon-Sat,1.25,2,11am-8pm/11am-2am,single-space
34.14085748,-118.151461,810,Mon-Sat,1.25,2,11am-8pm/11am-2am,single-space
34.14085679,-118.1515342,811,Mon-Sat,1.25,2,11am-8pm/11am-2am,single-space
34.14085609,-118.1516195,812,Mon-Sat,1.25,2,11am-8pm/11am-2am,single-space
34.1408554,-118.1516963,813,Mon-Sat,1.25,2,11am-8pm/11am-2am,single-space
34.1408541,-118.1517802,814,Mon-Sat,1.25,2,11am-8pm/11am-2am,single-space
34.14085462,-118.1518404,815,Mon-Sat,1.25,2,11am-8pm/11am-2am,single-space
34.14067788,-118.1517361,816,Mon-Sat,1.25,2,11am-8pm/11am-2am,single-space
34.1406766,-118.1518035,817,Mon-Sat,1.25,2,11am-8pm/11am-2am,single-space
34.14067651,-118.1518788,818,Mon-Sat,1.25,2,11am-8pm/11am-2am,single-space
34.14067581,-118.1519627,819,Mon-Sat,1.25,2,11am-8pm/11am-2am,single-space
34.1406769,-118.1520423,820,Mon-Sat,1.25,2,11am-8pm/11am-2am,single-space
34.1406762,-118.1521212,821,Mon-Sat,1.25,2,11am-8pm/11am-2am,single-space
34.14067641,-118.1524282,822,Mon-Sat,1.25,2,11am-8pm/11am-2am,single-space
34.14067549,-118.152686,823,Mon-Sat,1.25,2,11am-8pm/11am-2am,single-space
34.14067462,-118.1529047,824,Mon-Sat,1.25,2,11am-8pm/11am-2am,single-space
34.14246254,-118.1535036,825,Sun-Thurs/Fri-Sat,1.25,2,11am-8pm/11am-2am,single-space
34.14236696,-118.1508044,826,Sun-Thurs/Fri-Sat,1.25,2,11am-8pm/11am-2am,single-space
34.14360865,-118.1514627,827,Sun-Thurs/Fri-Sat,1.25,2,11am-8pm/11am-2am,single-space
34.14360977,-118.1510442,828,Sun-Thurs/Fri-Sat,1.25,2,11am-8pm/11am-2am,single-space
34.14236618,-118.151432,829,Sun-Thurs/Fri-Sat,1.25,2,11am-8pm/11am-2am,single-space
34.1436125,-118.1507684,830,Sun-Thurs/Fri-Sat,1.25,2,11am-8pm/11am-2am,single-space
34.14348336,-118.150174,831,Sun-Thurs/Fri-Sat,1.25,2,11am-8pm/11am-2am,single-space
34.14235774,-118.1533866,832,Sun-Thurs/Fri-Sat,1.25,2,11am-8pm/11am-2am,single-space
34.14371405,-118.1515787,833,Sun-Thurs/Fri-Sat,1.25,2,11am-8pm/11am-2am,single-space
34.14358603,-118.1491238,834,Sun-Thurs/Fri-Sat,1.25,2,11am-8pm/11am-2am,single-space
34.14247148,-118.1511546,835,Sun-Thurs/Fri-Sat,1.25,2,11am-8pm/11am-2am,single-space
34.14371459,-118.1511498,836,Sun-Thurs/Fri-Sat,1.25,2,11am-8pm/11am-2am,single-space
34.14246603,-118.1526358,837,Sun-Thurs/Fri-Sat,1.25,2,11am-8pm/11am-2am,single-space
34.14358295,-118.1492084,838,Sun-Thurs/Fri-Sat,1.25,2,11am-8pm/11am-2am,single-space
34.14348931,-118.149219,839,Sun-Thurs/Fri-Sat,1.25,2,11am-8pm/11am-2am,single-space
34.14247363,-118.150867,840,Sun-Thurs/Fri-Sat,1.25,2,11am-8pm/11am-2am,single-space
34.14246404,-118.1532655,841,Sun-Thurs/Fri-Sat,1.25,2,11am-8pm/11am-2am,single-space
34.14236429,-118.1519817,842,Sun-Thurs/Fri-Sat,1.25,2,11am-8pm/11am-2am,single-space
34.14247034,-118.151586,843,Sun-Thurs/Fri-Sat,1.25,2,11am-8pm/11am-2am,single-space
34.14361017,-118.1511977,844,Sun-Thurs/Fri-Sat,1.25,2,11am-8pm/11am-2am,single-space
34.14235744,-118.1536168,845,Sun-Thurs/Fri-Sat,1.25,2,11am-8pm/11am-2am,single-space
34.14235782,-118.1533177,846,Sun-Thurs/Fri-Sat,1.25,2,11am-8pm/11am-2am,single-space
34.14236044,-118.1526625,847,Sun-Thurs/Fri-Sat,1.25,2,11am-8pm/11am-2am,single-space
34.14360358,-118.1521781,848,Sun-Thurs/Fri-Sat,1.25,2,11am-8pm/11am-2am,single-space
34.14246682,-118.15295,849,Sun-Thurs/Fri-Sat,1.25,2,11am-8pm/11am-2am,single-space
34.14348345,-118.1500965,850,Sun-Thurs/Fri-Sat,1.25,2,11am-8pm/11am-2am,single-space
34.14371196,-118.1518204,851,Sun-Thurs/Fri-Sat,1.25,2,11am-8pm/11am-2am,single-space
34.14832042,-118.1446104,852,Mon-Sat,1.25,2,7am-5pm,single-space
34.14831906,-118.1447532,853,Mon-Sat,1.25,2,7am-5pm,single-space
34.14831698,-118.1449959,854,Mon-Sat,1.25,2,7am-5pm,single-space
34.14462415,-118.1448576,855,Sun-Sat,1.25,1,7am-8pm,multi-space
34.14588563,-118.1550384,856,Sun-Thurs/Fri-Sat,1.25,2,11am-8pm/11am-2am,multi-space
34.14562954,-118.1549793,857,Sun-Thurs/Fri-Sat,1.25,2,11am-8pm/11am-2am,multi-space
34.1458566,-118.1529794,858,Sun-Thurs/Fri-Sat,1.25,2,11am-8pm/11am-2am,multi-space
34.14831524,-118.145555,859,Mon-Sat,1.25,2,7am-5pm,single-space
34.14831438,-118.1456274,860,Mon-Sat,1.25,2,7am-5pm,single-space
34.14773957,-118.1484485,861,Sun-Thurs/Fri-Sat,1.25,4,11am-8pm/11am-2am,multi-space
34.14520325,-118.152299,862,Mon-Sat,1.25,2,11am-8pm/11am-2am,single-space
34.14514124,-118.1522975,863,Mon-Sat,1.25,2,11am-8pm/11am-2am,single-space
34.14699434,-118.1470924,864,Sun-Sat,1.25,4,2am-2am,single-space
34.14698366,-118.1470924,865,Sun-Sat,1.25,4,2am-2am,single-space
34.146547,-118.1415825,866,Mon-Sat,1.25,1,9am-6pm,multi-space
34.14468719,-118.1554044,867,Sun-Thurs/Fri-Sat,1.25,4,11am-8pm/11am-2am,single-space
34.14469424,-118.1554826,868,Sun-Thurs/Fri-Sat,1.25,4,11am-8pm/11am-2am,single-space
34.1447001,-118.1555644,869,Sun-Thurs/Fri-Sat,1.25,4,11am-8pm/11am-2am,single-space
34.14470656,-118.1556419,870,Sun-Thurs/Fri-Sat,1.25,4,11am-8pm/11am-2am,single-space
34.14471244,-118.155705,871,Sun-Thurs/Fri-Sat,1.25,4,11am-8pm/11am-2am,single-space
34.1416458,-118.1521467,872,Mon-Sat,1.25,2,11am-8pm/11am-2am,single-space
34.1416453,-118.1520692,873,Mon-Sat,1.25,2,11am-8pm/11am-2am,single-space
34.14164479,-118.1519996,874,Mon-Sat,1.25,2,11am-8pm/11am-2am,single-space
34.14164693,-118.1517203,875,Mon-Sat,1.25,2,11am-8pm/11am-2am,single-space
34.14164702,-118.1516514,876,Mon-Sat,1.25,2,11am-8pm/11am-2am,single-space
34.14164711,-118.1515811,877,Mon-Sat,1.25,2,11am-8pm/11am-2am,single-space
34.14246921,-118.1520088,878,Mon-Sat,1.25,2,11am-8pm/11am-2am,single-space
34.14444673,-118.1500399,879,Mon-Sat,1.25,2,11am-8pm/11am-2am,single-space
34.14961329,-118.14473,880,Mon-Fri,1.25,0.25,7am-6pm,single-space
34.14961202,-118.1447945,881,Mon-Fri,1.25,0.25,7am-6pm,multi-space
34.1444434,-118.1512283,882,Sun-Thurs/Fri-Sat,1.25,2,11am-8pm/11am-2am,single-space
34.1477015,-118.1430357,883,Mon-Sat,1.25,0.5,7am-5pm,multi-space
34.14771517,-118.1428675,884,Mon-Sat,1.25,1,7am-5pm,multi-space
34.14893829,-118.1428787,885,Mon-Sat,1.25,1,7am-5pm,multi-space
34.14887492,-118.1430438,886,Mon-Sat,1.25,1,7am-5pm,multi-space
34.14754117,-118.1453858,887,Mon-Sat,1.25,1,7am-5pm,multi-space
34.14902619,-118.1444029,888,Mon-Sat,1.25,1,7am-5pm,multi-space
34.14775136,-118.1448793,889,Mon-Sat,1.25,1,7am-5pm,multi-space
34.14774763,-118.1453163,890,Mon-Sat,1.25,1,7am-5pm,multi-space
34.14754169,-118.1449497,891,Mon-Sat,1.25,1,7am-5pm,multi-space
34.14682488,-118.1500846,892,Sun-Thurs/Fri-Sat,1.25,0.25,11am-8pm/11am-2am,single-space
34.14720624,-118.1490095,893,Sun-Thurs/Fri-Sat,1.25,2,11am-8pm/11am-2am,single-space
34.14384031,-118.1489795,894,Sun-Thurs/Fri-Sat,1.25,2,11am-8pm/11am-2am,single-space
34.14828618,-118.1436208,895,Mon-Sat,1.25,1,7am-5pm,multi-space
34.1484349,-118.1436638,896,Mon-Sat,1.25,1,7am-5pm,multi-space
34.14755365,-118.1465418,897,Mon-Sat,1.25,2,7am-6pm,multi-space
34.14771569,-118.1464291,898,Mon-Sat,1.25,2,7am-6pm,multi-space
34.14770904,-118.1470863,899,Mon-Sat,1.25,2,7am-6pm,multi-space
34.14360235,-118.1529066,900,Sun-Thurs/Fri-Sat,1.25,2,11am-8pm/11am-2am,multi-space
34.14359569,-118.153596,901,Sun-Thurs/Fri-Sat,1.25,2,11am-8pm/11am-2am,multi-space
34.14370668,-118.1529147,902,Sun-Thurs/Fri-Sat,1.25,2,11am-8pm/11am-2am,multi-space
34.14370446,-118.1536067,903,Sun-Thurs/Fri-Sat,1.25,2,11am-8pm/11am-2am,multi-space
34.14331154,-118.1524292,904,Sun-Thurs/Fri-Sat,1.25,2,11am-8pm/11am-2am,multi-space
34.14282538,-118.1524238,905,Sun-Thurs/Fri-Sat,1.25,2,11am-8pm/11am-2am,multi-space
34.13836547,-118.1324307,906,Mon-Sat,1,1,9am-6pm,multi-space
34.14144681,-118.1324628,907,Mon-Sat,1,1,9am-6pm,multi-space